SNP,Case_Num_C_Allele,Case_Num_T_Allele,Control_Num_C_Allele,Control_Num_T_Allele,odd_ratios,p_values
snp0,21,29,33,67,1.4702194357366771,0.18325409212704696
snp1,33,17,10,90,17.470588235294116,2.3379267527235936e-12
snp2,44,6,50,50,7.333333333333333,2.4844405604446127e-06
snp3,44,6,67,33,3.611940298507463,0.0039078051230078585
snp4,5,45,69,31,0.0499194847020934,0.9999999999999244
snp5,24,26,82,18,0.2026266416510319,0.999995427630977
snp6,39,11,5,95,67.36363636363636,1.5215711089468385e-20
snp7,31,19,25,75,4.894736842105263,1.2314319654558417e-05
snp8,37,13,41,59,4.095684803001876,0.00011180669140499911
snp9,39,11,10,90,31.90909090909091,6.6898258193011e-17
snp10,37,13,34,66,5.524886877828054,3.3020052186767954e-06
snp11,6,44,42,58,0.18831168831168832,0.9999804823145172
snp12,27,23,75,25,0.391304347826087,0.997073323303574
snp13,43,7,40,60,9.214285714285714,3.851233834604319e-08
snp14,49,1,80,20,12.25,0.0012829530649726844
snp15,2,48,83,17,0.00853413654618474,0.9999999999999976
snp16,42,8,20,80,21.0,3.080084896218974e-14
snp17,4,46,87,13,0.012993503248375811,1.0
snp18,5,45,4,96,2.6666666666666665,0.1377779344966681
snp19,44,6,60,40,4.888888888888889,0.00026620660005235227
snp20,21,29,90,10,0.08045977011494253,0.9999999999398226
snp21,18,32,74,26,0.19763513513513514,0.9999985443196534
snp22,1,49,84,16,0.003887269193391642,0.9999999999999976
snp23,20,30,25,75,2.0,0.04559043177198533
snp24,41,9,58,42,3.2988505747126435,0.0024665615890242815
snp25,44,6,70,30,3.142857142857143,0.01071080365476531
snp26,8,42,15,85,1.0793650793650793,0.5243168087190881
snp27,11,39,54,46,0.2402659069325736,0.9999683381809233
snp28,18,32,94,6,0.03590425531914894,0.9999999999999967
snp29,49,1,4,96,1176.0,1.4122872419325041e-33
snp30,2,48,79,21,0.011075949367088608,0.9999999999999948
snp31,3,47,81,19,0.014972419227738377,1.0
snp32,5,45,58,42,0.08045977011494253,0.9999999996406091
snp33,8,42,83,17,0.03901319563970167,1.0
snp34,48,2,22,78,85.0909090909091,1.3631262255213355e-19
snp35,14,36,91,9,0.038461538461538464,0.9999999999999951
snp36,24,26,17,83,4.506787330316742,8.578425783937116e-05
snp37,26,24,86,14,0.17635658914728683,0.999998113839726
snp38,9,41,62,38,0.13453973249409915,0.9999999726689681
snp39,10,40,64,36,0.140625,0.9999999662981375
snp40,35,15,65,35,1.2564102564102564,0.33630251786474935
snp41,2,48,41,59,0.059959349593495935,0.9999999811803105
snp42,10,40,64,36,0.140625,0.9999999662981375
snp43,49,1,33,67,99.48484848484848,3.069905126038626e-16
snp44,48,2,3,97,776.0,5.02509091159145e-33
snp45,9,41,17,83,1.0717360114777619,0.5235868560444156
snp46,22,28,29,71,1.9236453201970443,0.050774011524344534
snp47,17,33,73,27,0.19053549190535493,0.9999991182572304
snp48,22,28,20,80,3.142857142857143,0.0021704772278600313
snp49,28,22,82,18,0.2793791574279379,0.9997912503736044
snp50,3,47,8,92,0.7340425531914894,0.7757926629088464
snp51,10,40,48,52,0.2708333333333333,0.9998395489637093
snp52,24,26,39,61,1.4437869822485208,0.19000649136564163
snp53,10,40,49,51,0.2602040816326531,0.9998960655430447
snp54,5,45,26,74,0.3162393162393162,0.9955369113395918
snp55,13,37,65,35,0.1891891891891892,0.9999989906940753
snp56,13,37,37,63,0.5982468955441929,0.9385670200435068
snp57,18,32,62,38,0.34475806451612906,0.9993015470874369
snp58,38,12,79,21,0.8417721518987342,0.7371344996861117
snp59,47,3,66,34,8.070707070707071,6.893900112480734e-05
snp60,46,4,93,7,0.8655913978494624,0.71690115282409
snp61,46,4,60,40,7.666666666666667,1.9181849439603266e-05
snp62,33,17,80,20,0.4852941176470588,0.979822588910122
snp63,30,20,32,68,3.1875,0.0009643342689252712
snp64,18,32,4,96,13.5,5.761739578071312e-07
snp65,10,40,75,25,0.08333333333333333,0.9999999999912953
snp66,43,7,18,82,27.984126984126984,4.651234333449185e-16
snp67,11,39,99,1,0.002849002849002849,0.9999999999999958
snp68,47,3,94,6,1.0,0.6531886807847286
snp69,35,15,61,39,1.4918032786885247,0.1838484453407896
snp70,7,43,21,79,0.6124031007751938,0.8981477013206836
snp71,12,38,36,64,0.5614035087719298,0.9543528565576963
snp72,19,31,37,63,1.04359197907585,0.5217436512889849
snp73,20,30,80,20,0.16666666666666666,0.9999997689712012
snp74,13,37,65,35,0.1891891891891892,0.9999989906940753
snp75,24,26,1,99,91.38461538461539,6.277281992605563e-13
snp76,18,32,70,30,0.24107142857142858,0.9999844814582296
snp77,12,38,8,92,3.6315789473684212,0.00814555364342491
snp78,33,17,31,69,4.320683111954459,4.471983519170101e-05
snp79,36,14,18,82,11.714285714285714,1.2537917399690455e-10
snp80,30,20,2,98,73.5,5.099133286051586e-16
snp81,35,15,98,2,0.047619047619047616,0.9999999534996773
snp82,4,46,83,17,0.0178103719224725,0.9999999999999952
snp83,10,40,2,98,12.25,0.00031727376300575496
snp84,17,33,3,97,16.656565656565657,4.6394446530523945e-07
snp85,31,19,21,79,6.137844611528822,9.745824694735568e-07
snp86,21,29,93,7,0.054505005561735265,0.9999999999990273
snp87,17,33,5,95,9.787878787878787,6.2005835074613305e-06
snp88,47,3,5,95,297.6666666666667,1.9702271551469973e-29
snp89,13,37,1,99,34.78378378378378,2.03361555775375e-06
snp90,29,21,95,5,0.07268170426065163,0.9999999961079138
snp91,32,18,18,82,8.098765432098766,3.111632482683051e-08
snp92,1,49,15,85,0.11564625850340136,0.999017752134046
snp93,28,22,58,42,0.9216300940438872,0.659338246497938
snp94,8,42,92,8,0.016563146997929608,0.9999999999999986
snp95,29,21,41,59,1.9872241579558654,0.036390806222919986
snp96,23,27,75,25,0.2839506172839506,0.9998779225538272
snp97,30,20,82,18,0.32926829268292684,0.9989137329960903
snp98,41,9,41,59,6.555555555555555,1.212859896773911e-06
snp99,26,24,84,16,0.20634920634920634,0.9999913204251696
snp100,25,25,58,42,0.7241379310344828,0.8649854334634762
snp101,40,10,60,40,2.6666666666666665,0.010508294152742346
snp102,8,42,77,23,0.05689548546691404,0.9999999999999664
snp103,33,17,7,93,25.789915966386555,3.712373742970831e-14
snp104,37,13,77,23,0.8501498501498501,0.7307936606135736
snp105,16,34,28,72,1.2100840336134453,0.37273984514285613
snp106,1,49,15,85,0.11564625850340136,0.999017752134046
snp107,39,11,20,80,14.181818181818182,7.042983944470628e-12
snp108,30,20,37,63,2.554054054054054,0.006262203296619069
snp109,24,26,40,60,1.3846153846153846,0.22371891812630693
snp110,7,43,11,89,1.317124735729387,0.38709593528420905
snp111,48,2,7,93,318.85714285714283,4.515103086522685e-29
snp112,43,7,73,27,2.2720156555772992,0.05356468342661665
snp113,2,48,1,99,4.125,0.2577543986939962
snp114,8,42,49,51,0.19825072886297376,0.9999902621053741
snp115,7,43,98,2,0.0033222591362126247,0.9999999999999951
snp116,39,11,21,79,13.337662337662337,1.777019117066323e-11
snp117,34,16,78,22,0.5993589743589743,0.9351940375937423
snp118,22,28,25,75,2.357142857142857,0.015425873379395404
snp119,37,13,77,23,0.8501498501498501,0.7307936606135736
snp120,16,34,1,99,46.588235294117645,4.650032354298334e-08
snp121,9,41,26,74,0.624765478424015,0.9044252862231936
snp122,19,31,9,91,6.197132616487456,3.5729404812763303e-05
snp123,4,46,64,36,0.04891304347826087,0.999999999999539
snp124,40,10,81,19,0.9382716049382716,0.6472652262066925
snp125,6,44,31,69,0.3035190615835777,0.997937588456433
snp126,31,19,65,35,0.8785425101214575,0.7070853874213541
snp127,4,46,8,92,1.0,0.613614834746993
snp128,44,6,97,3,0.2268041237113402,0.9933617813029532
snp129,42,8,1,99,519.75,6.976078179761964e-28
snp130,29,21,92,8,0.12008281573498965,0.9999998046981059
snp131,47,3,21,79,58.93650793650794,8.394744142042881e-19
snp132,49,1,58,42,35.48275862068966,1.881968854237459e-08
snp133,19,31,12,88,4.494623655913978,0.00032068589520635877
snp134,12,38,1,99,31.263157894736842,6.8266112410652135e-06
snp135,25,25,15,85,5.666666666666667,8.679574826191718e-06
snp136,22,28,37,63,1.337837837837838,0.2571518456152651
snp137,21,29,46,54,0.8500749625187406,0.737978134227345
snp138,49,1,17,83,239.23529411764707,1.0541915218802375e-23
snp139,6,44,87,13,0.02037617554858934,0.9999999999999934
snp140,19,31,99,1,0.0061909416748126425,0.9999999999999993
snp141,13,37,75,25,0.11711711711711711,0.9999999989074112
snp142,25,25,36,64,1.7777777777777777,0.0712568506733518
snp143,23,27,20,80,3.4074074074074074,0.0010226718091415296
snp144,39,11,58,42,2.5673981191222572,0.011607344115061173
snp145,14,36,51,49,0.37363834422657954,0.9980949209926361
snp146,10,40,70,30,0.10714285714285714,0.9999999994901075
snp147,41,9,2,98,223.22222222222223,1.6154576139173591e-25
snp148,46,4,62,38,7.048387096774194,4.887404486663603e-05
snp149,13,37,70,30,0.15057915057915058,0.999999956806316
snp150,49,1,45,55,59.888888888888886,4.224316652607001e-12
snp151,17,33,94,6,0.03288201160541586,1.0
snp152,3,47,85,15,0.011264080100125156,1.0
snp153,33,17,51,49,1.8650519031141868,0.057552441041247945
snp154,25,25,88,12,0.13636363636363635,0.999999896437668
snp155,42,8,88,12,0.7159090909090909,0.8256062454613569
snp156,34,16,67,33,1.046641791044776,0.5273701108400307
snp157,45,5,45,55,11.0,3.080150430445529e-08
snp158,17,33,24,76,1.6313131313131313,0.13575542249550654
snp159,38,12,91,9,0.3131868131868132,0.9962569973738855
snp160,5,45,83,17,0.022757697456492636,1.0
snp161,28,22,48,52,1.378787878787879,0.22656686767737494
snp162,49,1,82,18,10.75609756097561,0.0030041927874870727
snp163,12,38,96,4,0.013157894736842105,1.0
snp164,42,8,99,1,0.05303030303030303,0.9999697948054019
snp165,35,15,81,19,0.5473251028806584,0.9559660538447059
snp166,33,17,45,55,2.372549019607843,0.011769754907039099
snp167,1,49,83,17,0.004179985247110892,1.0
snp168,6,44,74,26,0.04791154791154791,0.9999999999999956
snp169,38,12,39,61,4.952991452991453,1.5298583814402517e-05
snp170,38,12,83,17,0.6485943775100401,0.8918745981840502
snp171,31,19,41,59,2.34788189987163,0.011973592813417509
snp172,13,37,96,4,0.01463963963963964,1.0
snp173,34,16,70,30,0.9107142857142857,0.6716216789380414
snp174,2,48,65,35,0.022435897435897436,1.0
snp175,36,14,69,31,1.15527950310559,0.4283799756112777
snp176,21,29,98,2,0.014778325123152709,1.0
snp177,28,22,86,14,0.20718816067653276,0.999984827671734
snp178,32,18,9,91,17.97530864197531,3.065073670204877e-12
snp179,2,48,98,2,0.0008503401360544217,0.9999999999999986
snp180,24,26,30,70,2.1538461538461537,0.024188413436430183
snp181,23,27,98,2,0.017384731670445956,1.0
snp182,15,35,60,40,0.2857142857142857,0.9998818470949786
snp183,44,6,21,79,27.58730158730159,1.3669322090430233e-15
snp184,3,47,46,54,0.07493061979648474,0.9999999891450929
snp185,20,30,82,18,0.14634146341463414,0.9999999521135193
snp186,8,42,34,66,0.3697478991596639,0.9951285562566234
snp187,9,41,89,11,0.0271307207454097,0.9999999999999952
snp188,5,45,9,91,1.123456790123457,0.5282768947369353
snp189,40,10,23,77,13.391304347826088,2.010989461942215e-11
snp190,24,26,19,81,3.935222672064777,0.0002716078286322561
snp191,25,25,30,70,2.3333333333333335,0.01375777749781188
snp192,26,24,90,10,0.12037037037037036,0.9999999535499391
snp193,39,11,28,72,9.116883116883116,5.246541007381382e-09
snp194,33,17,4,96,46.588235294117645,2.1188989461339968e-16
snp195,22,28,62,38,0.4815668202764977,0.988284639558641
snp196,33,17,2,98,95.11764705882354,2.6048909483273362e-18
snp197,39,11,78,22,1.0,0.5875745347408641
snp198,5,45,73,27,0.0410958904109589,0.9999999999999978
snp199,29,21,99,1,0.013949013949013949,0.9999999999993312
snp200,18,32,56,44,0.4419642857142857,0.9937045322943528
snp201,12,38,9,91,3.192982456140351,0.01401562166650838
snp202,13,37,43,57,0.4657448145820239,0.9873914759302074
snp203,39,11,7,93,47.103896103896105,6.054398192000353e-19
snp204,35,15,2,98,114.33333333333333,6.03924235240639e-20
snp205,39,11,69,31,1.592885375494071,0.16763670548728452
snp206,8,42,60,40,0.12698412698412698,0.9999999794032864
snp207,17,33,21,79,1.9379509379509379,0.06480596240625562
snp208,28,22,3,97,41.15151515151515,1.1784984896742e-13
snp209,46,4,85,15,2.0294117647058822,0.17051277220774846
snp210,1,49,2,98,1.0,0.7066932704516606
snp211,36,14,87,13,0.3842364532019704,0.9924233948539787
snp212,35,15,8,92,26.833333333333332,5.632677072636767e-15
snp213,1,49,29,71,0.04996481351161154,0.999999087781128
snp214,3,47,72,28,0.024822695035460994,0.999999999999992
snp215,25,25,68,32,0.47058823529411764,0.989505241021826
snp216,17,33,79,21,0.13693901035673187,0.9999999881071389
snp217,36,14,38,62,4.195488721804511,7.443930849408355e-05
snp218,16,34,10,90,4.235294117647059,0.0011468168064874317
snp219,46,4,42,58,15.880952380952381,7.069457051808127e-10
snp220,16,34,26,74,1.339366515837104,0.2794477065440783
snp221,43,7,38,62,10.022556390977444,1.0854505799553999e-08
snp222,49,1,81,19,11.493827160493828,0.0019697737814991117
snp223,35,15,27,73,6.308641975308642,5.178264860683867e-07
snp224,45,5,70,30,3.857142857142857,0.004269348225460797
snp225,40,10,79,21,1.0632911392405062,0.5339734983531459
snp226,17,33,58,42,0.3730407523510972,0.9984815126833115
snp227,8,42,67,33,0.09381663113006397,0.9999999998340487
snp228,10,40,71,29,0.10211267605633803,0.9999999997633797
snp229,34,16,92,8,0.18478260869565216,0.9999532085156123
snp230,16,34,18,82,2.1437908496732025,0.044033946155294074
snp231,10,40,93,7,0.01881720430107527,1.0
snp232,22,28,31,69,1.7488479262672811,0.08303721043028187
snp233,40,10,70,30,1.7142857142857142,0.13295510024725893
snp234,38,12,33,67,6.429292929292929,5.577136389728615e-07
snp235,26,24,97,3,0.03350515463917526,0.999999999998528
snp236,14,36,65,35,0.2094017094017094,0.9999966979947806
snp237,14,36,14,86,2.388888888888889,0.03393274666498379
snp238,30,20,35,65,2.7857142857142856,0.0031070148350314415
snp239,42,8,89,11,0.648876404494382,0.8695780659879354
snp240,48,2,55,45,19.636363636363637,3.542757360722037e-08
snp241,9,41,85,15,0.03873744619799139,0.9999999999999934
snp242,43,7,61,39,3.927400468384075,0.0011592727011839677
snp243,32,18,90,10,0.19753086419753085,0.9999642705951849
snp244,40,10,37,63,6.8108108108108105,4.6272356010050263e-07
snp245,49,1,93,7,3.6881720430107525,0.1876405298304716
snp246,40,10,74,26,1.4054054054054055,0.2742514523410119
snp247,35,15,25,75,7.0,1.3642397458678805e-07
snp248,32,18,26,74,5.05982905982906,7.91875925277939e-06
snp249,40,10,51,49,3.843137254901961,0.00043738227497240037
snp250,14,36,35,65,0.7222222222222222,0.852478778469134
snp251,17,33,34,66,1.0,0.5699446086180892
snp252,49,1,23,77,164.04347826086956,1.5178540169019494e-20
snp253,21,29,1,99,71.6896551724138,5.175029184846194e-11
snp254,2,48,18,82,0.18981481481481483,0.998030226218503
snp255,5,45,27,73,0.3004115226337449,0.9969063667307835
snp256,28,22,94,6,0.08123791102514506,0.9999999954511966
snp257,28,22,90,10,0.1414141414141414,0.9999995030946588
snp258,19,31,79,21,0.16292364230298081,0.999999851653179
snp259,13,37,48,52,0.38063063063063063,0.9974950857998347
snp260,35,15,73,27,0.863013698630137,0.7205522934559246
snp261,46,4,21,79,43.26190476190476,1.2112103362007433e-17
snp262,31,19,46,54,1.9153318077803203,0.04663943703018518
snp263,37,13,97,3,0.0880253766851705,0.9999964440239505
snp264,13,37,23,77,1.1762632197414806,0.4153347117505577
snp265,32,18,80,20,0.4444444444444444,0.9890280495352466
snp266,49,1,9,91,495.44444444444446,4.8766940091697497e-29
snp267,16,34,28,72,1.2100840336134453,0.37273984514285613
snp268,29,21,20,80,5.523809523809524,4.354437738285905e-06
snp269,1,49,60,40,0.013605442176870748,0.9999999999999967
snp270,28,22,63,37,0.7474747474747475,0.8424585549002115
snp271,32,18,51,49,1.7080610021786493,0.09044497925405565
snp272,27,23,9,91,11.869565217391305,3.6959745266729734e-09
snp273,17,33,37,63,0.8771498771498771,0.7042920874156436
snp274,4,46,86,14,0.014155712841253791,0.9999999999999953
snp275,43,7,45,55,7.507936507936508,7.161913532453477e-07
snp276,12,38,59,41,0.21944692239072258,0.9999917124724328
snp277,7,43,53,47,0.14436156208863538,0.9999997165735661
snp278,22,28,88,12,0.10714285714285714,0.9999999976382399
snp279,24,26,31,69,2.054590570719603,0.03226374448568344
snp280,41,9,36,64,8.098765432098766,6.366374116239013e-08
snp281,12,38,91,9,0.031231925968768073,1.0
snp282,33,17,28,72,4.991596638655462,8.872690662585531e-06
snp283,26,24,98,2,0.022108843537414966,0.9999999999998684
snp284,38,12,31,69,7.048387096774194,1.6130406215745888e-07
snp285,45,5,97,3,0.27835051546391754,0.9830358194289661
snp286,11,39,69,31,0.12671869193608323,0.9999999949627514
snp287,33,17,57,43,1.4643962848297214,0.18868223619046479
snp288,29,21,16,84,7.25,2.3555219624693635e-07
snp289,35,15,56,44,1.8333333333333333,0.06888596254362549
snp290,30,20,94,6,0.09574468085106383,0.9999999422181112
snp291,17,33,92,8,0.04479578392621871,0.9999999999999977
snp292,34,16,49,51,2.211734693877551,0.020446728731572102
snp293,1,49,76,24,0.00644468313641246,1.0
snp294,6,44,7,93,1.8116883116883118,0.23249693856664796
snp295,32,18,20,80,7.111111111111111,1.4834681618758976e-07
snp296,13,37,24,76,1.1126126126126126,0.46879761406653164
snp297,22,28,22,78,2.7857142857142856,0.005108184821562741
snp298,7,43,79,21,0.04327347659699735,0.9999999999999936
snp299,5,45,82,18,0.024390243902439025,0.9999999999999952
snp300,33,17,45,55,2.372549019607843,0.011769754907039099
snp301,46,4,97,3,0.3556701030927835,0.958597709660536
snp302,11,39,55,45,0.23076923076923078,0.9999804179507912
snp303,17,33,21,79,1.9379509379509379,0.06480596240625562
snp304,14,36,5,95,7.388888888888889,0.00014480297412727144
snp305,2,48,96,4,0.001736111111111111,0.9999999999999951
snp306,30,20,88,12,0.20454545454545456,0.9999756159327245
snp307,40,10,8,92,46.0,4.078374911957674e-19
snp308,30,20,70,30,0.6428571428571429,0.9197521257987546
snp309,7,43,95,5,0.008567931456548347,1.0
snp310,29,21,73,27,0.5107632093933464,0.9786295128135719
snp311,19,31,23,77,2.0518934081346423,0.04253335188105544
snp312,1,49,75,25,0.006802721088435374,1.0
snp313,37,13,88,12,0.3881118881118881,0.990630188399982
snp314,3,47,68,32,0.030037546933667083,0.9999999999999982
snp315,15,35,87,13,0.06403940886699508,0.9999999999997862
snp316,10,40,8,92,2.875,0.03364559256212251
snp317,47,3,57,43,11.818713450292398,8.041591552821381e-07
snp318,27,23,23,77,3.9300567107750473,0.00017411128533621696
snp319,15,35,55,45,0.35064935064935066,0.9990369047704428
snp320,20,30,78,22,0.18803418803418803,0.9999990254175255
snp321,35,15,35,65,4.333333333333333,4.702876947690066e-05
snp322,1,49,9,91,0.20634920634920634,0.9851992254803814
snp323,47,3,73,27,5.794520547945205,0.0013774924669263137
snp324,19,31,34,66,1.189753320683112,0.37938527386664644
snp325,47,3,61,39,10.01639344262295,6.337323238643058e-06
snp326,36,14,25,75,7.714285714285714,3.799457244156926e-08
snp327,43,7,34,66,11.92436974789916,7.156912925372958e-10
snp328,37,13,26,74,8.100591715976332,2.054897856425876e-08
snp329,13,37,8,92,4.04054054054054,0.0037430026261122077
snp330,1,49,98,2,0.00041649312786339027,1.0
snp331,9,41,36,64,0.3902439024390244,0.9941583147193069
snp332,42,8,1,99,519.75,6.976078179761964e-28
snp333,26,24,29,71,2.6522988505747125,0.005234457845112066
snp334,10,40,9,91,2.5277777777777777,0.052195522433314614
snp335,6,44,69,31,0.06126482213438735,0.9999999999992897
snp336,42,8,89,11,0.648876404494382,0.8695780659879354
snp337,46,4,41,59,16.548780487804876,3.593861870150341e-10
snp338,45,5,10,90,81.0,8.5206543696328e-23
snp339,7,43,89,11,0.020120198588973084,1.0
snp340,44,6,37,63,12.486486486486486,1.020945113312454e-09
snp341,39,11,4,96,85.0909090909091,1.9213991558197044e-21
snp342,32,18,25,75,5.333333333333333,4.352922612234998e-06
snp343,44,6,84,16,1.3968253968253967,0.3482034885812867
snp344,12,38,97,3,0.009766684753119913,1.0
snp345,47,3,61,39,10.01639344262295,6.337323238643058e-06
snp346,15,35,92,8,0.037267080745341616,0.9999999999999989
snp347,11,39,84,16,0.05372405372405373,0.9999999999999986
snp348,12,38,85,15,0.05572755417956656,0.9999999999999868
snp349,3,47,2,98,3.127659574468085,0.2065056690412943
snp350,10,40,26,74,0.7115384615384616,0.8447588663055448
snp351,29,21,80,20,0.34523809523809523,0.9986411851753815
snp352,43,7,26,74,17.483516483516482,1.2832225238336072e-12
snp353,6,44,59,41,0.09476117103235747,0.9999999987264646
snp354,12,38,84,16,0.06015037593984962,0.9999999999999605
snp355,29,21,93,7,0.1039426523297491,0.9999999397006327
snp356,13,37,91,9,0.03474903474903475,0.999999999999996
snp357,2,48,22,78,0.14772727272727273,0.9996591749536381
snp358,37,13,1,99,281.7692307692308,6.436156514875388e-23
snp359,8,42,24,76,0.6031746031746031,0.9118956520190733
snp360,11,39,23,77,0.9442586399108138,0.6303613298565571
snp361,31,19,46,54,1.9153318077803203,0.04663943703018518
snp362,42,8,10,90,47.25,1.2624983845212753e-19
snp363,28,22,41,59,1.8314855875831486,0.05897018075593033
snp364,8,42,66,34,0.09812409812409813,0.9999999996522536
snp365,28,22,97,3,0.03936269915651359,0.9999999999720403
snp366,49,1,68,32,23.058823529411764,4.4922004894446494e-06
snp367,11,39,72,28,0.10968660968660969,0.9999999994563173
snp368,31,19,16,84,8.56578947368421,2.0606131617473438e-08
snp369,11,39,96,4,0.011752136752136752,0.9999999999999991
snp370,33,17,8,92,22.323529411764707,1.6181308392426437e-13
snp371,2,48,75,25,0.013888888888888888,1.0
snp372,37,13,78,22,0.8027613412228797,0.7750797164831857
snp373,14,36,80,20,0.09722222222222222,0.9999999999310517
snp374,35,15,24,76,7.388888888888889,6.752339308513558e-08
snp375,42,8,57,43,3.960526315789474,0.0006726870776277655
snp376,23,27,42,58,1.1763668430335097,0.38459625726863833
snp377,1,49,90,10,0.0022675736961451248,1.0
snp378,25,25,59,41,0.6949152542372882,0.8888833543481651
snp379,12,38,23,77,1.05720823798627,0.5222605163825002
snp380,2,48,54,46,0.035493827160493825,0.9999999999957692
snp381,39,11,9,91,35.84848484848485,1.525139825194236e-17
snp382,40,10,93,7,0.3010752688172043,0.9948869573533563
snp383,7,43,85,15,0.028727770177838577,0.9999999999999953
snp384,29,21,37,63,2.3513513513513513,0.011715360441359457
snp385,49,1,56,44,38.5,5.729092996996636e-09
snp386,48,2,9,91,242.66666666666666,1.91969079783036e-27
snp387,47,3,76,24,4.947368421052632,0.0043927518823158075
snp388,33,17,63,37,1.1400560224089635,0.4306494921162798
snp389,8,42,10,90,1.7142857142857142,0.20982468260704856
snp390,3,47,48,52,0.06914893617021277,0.9999999967996356
snp391,40,10,1,99,396.0,8.705329425491938e-26
snp392,11,39,15,85,1.5982905982905984,0.19947164731800032
snp393,2,48,7,93,0.5535714285714286,0.864894315535314
snp394,30,20,84,16,0.2857142857142857,0.9996374097508829
snp395,1,49,15,85,0.11564625850340136,0.999017752134046
snp396,29,21,64,36,0.7767857142857143,0.8140519799139265
snp397,1,49,6,94,0.3197278911564626,0.9455728280613453
snp398,19,31,78,22,0.1728701406120761,0.999999691464638
snp399,16,34,34,66,0.9134948096885813,0.6636974821352493
snp400,36,14,29,71,6.295566502463054,5.561158930654177e-07
snp401,46,4,66,34,5.924242424242424,0.00028523068652686555
snp402,16,34,58,42,0.3407707910750507,0.9993209003640443
snp403,2,48,75,25,0.013888888888888888,1.0
snp404,4,46,83,17,0.0178103719224725,0.9999999999999952
snp405,39,11,61,39,2.2667660208643814,0.027235873065762015
snp406,13,37,85,15,0.06200317965023847,0.9999999999999201
snp407,37,13,9,91,28.77777777777778,6.925793273583721e-16
snp408,35,15,10,90,21.0,9.240997383905301e-14
snp409,2,48,32,68,0.08854166666666667,0.9999973146829348
snp410,46,4,27,73,31.09259259259259,5.174939384163486e-15
snp411,30,20,92,8,0.13043478260869565,0.9999993717589285
snp412,6,44,50,50,0.13636363636363635,0.9999996850016017
snp413,45,5,99,1,0.09090909090909091,0.9988885291184064
snp414,12,38,39,61,0.4939271255060729,0.9792878827103193
snp415,45,5,52,48,8.307692307692308,1.6004438360471439e-06
snp416,49,1,64,36,27.5625,5.497590276728736e-07
snp417,44,6,36,64,13.037037037037036,5.083589595714729e-10
snp418,34,16,25,75,6.375,4.5939545037579444e-07
snp419,28,22,94,6,0.08123791102514506,0.9999999954511966
snp420,48,2,34,66,46.588235294117645,1.4985840685608295e-14
snp421,48,2,63,37,14.095238095238095,2.8210399441480828e-06
snp422,41,9,6,94,71.37037037037037,1.3570930841559277e-21
snp423,10,40,68,32,0.11764705882352941,0.9999999977757073
snp424,20,30,61,39,0.4262295081967213,0.9954742768643602
snp425,7,43,65,35,0.08765652951699464,0.9999999998800047
snp426,27,23,73,27,0.4341870160810006,0.9935966584072261
snp427,8,42,59,41,0.13236481033091202,0.9999999614876681
snp428,16,34,8,92,5.411764705882353,0.00028282162139298405
snp429,9,41,74,26,0.07712590639419907,0.9999999999965161
snp430,4,46,68,32,0.04092071611253197,0.9999999999999833
snp431,45,5,2,98,441.0,4.711692598246571e-30
snp432,8,42,13,87,1.2747252747252746,0.39438295131508305
snp433,19,31,59,41,0.42591580098414433,0.9954501467451456
snp434,44,6,94,6,0.46808510638297873,0.9415087255901723
snp435,42,8,70,30,2.25,0.04599972725392553
snp436,49,1,89,11,6.056179775280899,0.04716320801447024
snp437,4,46,98,2,0.001774622892635315,1.0
snp438,21,29,87,13,0.10820451843043995,0.9999999982362636
snp439,23,27,72,28,0.33127572016460904,0.9994682284525783
snp440,39,11,99,1,0.03581267217630854,0.9999992959100483
snp441,36,14,93,7,0.1935483870967742,0.9998623014516622
snp442,9,41,88,12,0.02993348115299335,0.9999999999999992
snp443,13,37,13,87,2.3513513513513513,0.04183506640226399
snp444,5,45,23,77,0.3719806763285024,0.9873086205173658
snp445,22,28,45,55,0.9603174603174603,0.6133923907085672
snp446,48,2,38,62,39.1578947368421,3.830283656498986e-13
snp447,33,17,41,59,2.793400286944046,0.0031972626781273765
snp448,27,23,27,73,3.1739130434782608,0.0011629420058927888
snp449,19,31,41,59,0.8819826907946499,0.7009268862818563
snp450,38,12,91,9,0.3131868131868132,0.9962569973738855
snp451,32,18,52,48,1.641025641025641,0.11068654123116747
snp452,6,44,94,6,0.008704061895551257,0.9999999999999986
snp453,3,47,24,76,0.20212765957446807,0.9992268622837843
snp454,3,47,39,61,0.09983633387888707,0.9999994177814908
snp455,38,12,30,70,7.388888888888889,8.431072198367714e-08
snp456,10,40,79,21,0.06645569620253164,0.9999999999997904
snp457,46,4,38,62,18.763157894736842,4.342793971898625e-11
snp458,12,38,37,63,0.5376955903271693,0.9645568212804676
snp459,25,25,10,90,9.0,1.291374597594686e-07
snp460,2,48,98,2,0.0008503401360544217,0.9999999999999986
snp461,28,22,36,64,2.2626262626262625,0.015546861050156027
snp462,1,49,86,14,0.0033222591362126247,0.9999999999999954
snp463,3,47,14,86,0.39209726443769,0.9644191705869231
snp464,7,43,53,47,0.14436156208863538,0.9999997165735661
snp465,31,19,62,38,1.0,0.57256513930979
snp466,34,16,73,27,0.785958904109589,0.7974327709980222
snp467,39,11,1,99,351.0,8.495639008673441e-25
snp468,26,24,84,16,0.20634920634920634,0.9999913204251696
snp469,4,46,26,74,0.24749163879598662,0.9986225075330794
snp470,3,47,43,57,0.08461157842652152,0.9999999368805961
snp471,24,26,14,86,5.670329670329671,1.1594161759205026e-05
snp472,41,9,63,37,2.675485008818342,0.012678104893131831
snp473,1,49,88,12,0.0027829313543599257,0.9999999999999982
snp474,47,3,99,1,0.15824915824915825,0.9886329282302446
snp475,9,41,48,52,0.23780487804878048,0.999946688046799
snp476,40,10,85,15,0.7058823529411765,0.8430927042008522
snp477,10,40,92,8,0.021739130434782608,1.0
snp478,27,23,4,96,28.17391304347826,3.516921934205641e-12
snp479,6,44,78,22,0.038461538461538464,1.0
snp480,14,36,80,20,0.09722222222222222,0.9999999999310517
snp481,44,6,88,12,1.0,0.6129040647157857
snp482,32,18,22,78,6.303030303030303,6.228321925240285e-07
snp483,29,21,58,42,1.0,0.5707827623434242
snp484,46,4,48,52,12.458333333333334,3.141118030910825e-08
snp485,39,11,99,1,0.03581267217630854,0.9999992959100483
snp486,41,9,37,63,7.756756756756757,1.1832946978404875e-07
snp487,49,1,56,44,38.5,5.729092996996636e-09
snp488,18,32,21,79,2.1160714285714284,0.03917071862458692
snp489,36,14,5,95,48.857142857142854,6.0884933871503495e-18
snp490,40,10,78,22,1.1282051282051282,0.47740915263667294
snp491,4,46,93,7,0.0065451145395044414,0.9999999999999992
snp492,34,16,35,65,3.9464285714285716,0.0001221540472773727
snp493,47,3,27,73,42.358024691358025,4.1973084900162904e-16
snp494,27,23,76,24,0.3707093821510298,0.9980861460012981
snp495,13,37,62,38,0.2153443766346992,0.9999945928575791
snp496,33,17,99,1,0.0196078431372549,0.9999999997737657
snp497,31,19,98,2,0.03329752953813104,0.9999999997873548
snp498,19,31,69,31,0.2753623188405797,0.9999303054645028
snp499,48,2,71,29,9.80281690140845,0.00013429210933545496
snp500,19,31,13,87,4.101736972704715,0.0005976406449277918
snp501,9,41,32,68,0.46646341463414637,0.9798187099057093
snp502,28,22,64,36,0.7159090909090909,0.869788103346713
snp503,41,9,62,38,2.792114695340502,0.0093274065071993
snp504,18,32,66,34,0.2897727272727273,0.9998803873794073
snp505,3,47,16,84,0.3351063829787234,0.9823020721756552
snp506,49,1,73,27,18.123287671232877,5.3153675152140545e-05
snp507,21,29,24,76,2.293103448275862,0.019711881339554534
snp508,31,19,6,94,25.56140350877193,2.0233803177676791e-13
snp509,22,28,88,12,0.10714285714285714,0.9999999976382399
snp510,13,37,17,83,1.7154213036565977,0.1398846889056199
snp511,26,24,28,72,2.7857142857142856,0.003597456631405329
snp512,11,39,61,39,0.18032786885245902,0.9999991747563444
snp513,36,14,90,10,0.2857142857142857,0.9986142058018949
snp514,49,1,31,69,109.06451612903226,5.0201178792254575e-17
snp515,41,9,87,13,0.6807151979565773,0.8552951633091063
snp516,34,16,18,82,9.680555555555555,2.226597532561093e-09
snp517,38,12,42,58,4.373015873015873,6.526088426775572e-05
snp518,24,26,49,51,0.9607535321821036,0.6133523505671501
snp519,14,36,30,70,0.9074074074074074,0.6686395071971116
snp520,29,21,71,29,0.5640509725016767,0.9612646084422758
snp521,21,29,53,47,0.6421600520494469,0.9257769895923825
snp522,3,47,40,60,0.09574468085106383,0.9999996615741178
snp523,5,45,77,23,0.03318903318903319,0.9999999999999971
snp524,45,5,44,56,11.454545454545455,1.671575091445051e-08
snp525,16,34,46,54,0.5524296675191815,0.9663186987494469
snp526,37,13,56,44,2.2362637362637363,0.023707149998769564
snp527,15,35,97,3,0.013254786450662739,0.999999999999998
snp528,34,16,31,69,4.729838709677419,1.6524904217043823e-05
snp529,12,38,15,85,1.7894736842105263,0.13050741208584823
snp530,31,19,41,59,2.34788189987163,0.011973592813417509
snp531,44,6,77,23,2.1904761904761907,0.07970867194253167
snp532,22,28,82,18,0.17247386759581881,0.9999994844627732
snp533,29,21,32,68,2.9345238095238093,0.0020432551626706564
snp534,27,23,86,14,0.1911021233569262,0.9999945372076042
snp535,19,31,15,85,3.4731182795698925,0.0018191233724755163
snp536,1,49,46,54,0.023957409050576754,0.9999999999621624
snp537,24,26,12,88,6.769230769230769,2.449488165138832e-06
snp538,14,36,94,6,0.024822695035460994,1.0
snp539,46,4,31,69,25.596774193548388,1.802192096232762e-13
snp540,27,23,54,46,1.0,0.5695106503267378
snp541,45,5,70,30,3.857142857142857,0.004269348225460797
snp542,29,21,44,56,1.7575757575757576,0.07428690491570861
snp543,35,15,29,71,5.712643678160919,1.7969930681701013e-06
snp544,7,43,51,49,0.15640674874601004,0.9999991412323704
snp545,39,11,64,36,1.9943181818181819,0.058182873541177946
snp546,49,1,83,17,10.036144578313253,0.004550901738735958
snp547,49,1,1,99,4851.0,2.4845169891962345e-37
snp548,28,22,4,96,30.545454545454547,7.748133612403528e-13
snp549,40,10,61,39,2.557377049180328,0.01418836151360672
snp550,38,12,32,68,6.729166666666667,3.0272585712944185e-07
snp551,10,40,79,21,0.06645569620253164,0.9999999999997904
snp552,32,18,30,70,4.148148148148148,6.969453550541513e-05
snp553,2,48,50,50,0.041666666666666664,0.9999999999329363
snp554,46,4,5,95,218.5,4.412634720135142e-28
snp555,3,47,33,67,0.12959381044487428,0.99998727942429
snp556,18,32,50,50,0.5625,0.964479332058398
snp557,45,5,15,85,51.0,1.1837727297754447e-19
snp558,18,32,72,28,0.21875,0.9999950328060837
snp559,26,24,6,94,16.97222222222222,3.3092468554625867e-10
snp560,24,26,44,56,1.1748251748251748,0.38538174816909343
snp561,42,8,95,5,0.27631578947368424,0.9936170471846277
snp562,30,20,1,99,148.5,3.805607899133696e-17
snp563,31,19,80,20,0.40789473684210525,0.9942883127496085
snp564,46,4,87,13,1.7183908045977012,0.2673917490145352
snp565,16,34,23,77,1.5754475703324808,0.16167273337572322
snp566,46,4,68,32,5.411764705882353,0.0006538216296576916
snp567,14,36,23,77,1.3019323671497585,0.3166339690133812
snp568,41,9,51,49,4.3769063180827885,0.00016045103628600647
snp569,12,38,99,1,0.003189792663476874,1.0
snp570,29,21,28,72,3.5510204081632653,0.0003721109671274591
snp571,12,38,3,97,10.210526315789474,0.0001322903217748072
snp572,34,16,59,41,1.4766949152542372,0.1865019239310568
snp573,14,36,53,47,0.3448637316561845,0.9990970566433128
snp574,38,12,15,85,17.944444444444443,2.337810580357456e-13
snp575,48,2,89,11,2.966292134831461,0.127370720855385
snp576,49,1,7,93,651.0,1.0846575504406262e-30
snp577,15,35,2,98,21.0,1.0781041399587426e-06
snp578,46,4,6,94,180.16666666666666,3.6732326755558136e-27
snp579,19,31,39,61,0.9586435070306039,0.6148433548288076
snp580,48,2,86,14,3.9069767441860463,0.04973184099440882
snp581,49,1,44,56,62.36363636363637,2.0571093656994675e-12
snp582,15,35,12,88,3.142857142857143,0.007576605146026227
snp583,32,18,8,92,20.444444444444443,7.991141882297608e-13
snp584,20,30,57,43,0.5029239766081871,0.9838817125429298
snp585,23,27,2,98,41.74074074074074,2.7963477177352933e-11
snp586,4,46,86,14,0.014155712841253791,0.9999999999999953
snp587,5,45,94,6,0.0070921985815602835,1.0
snp588,48,2,46,54,28.17391304347826,1.2601194353643115e-10
snp589,35,15,32,68,4.958333333333333,9.979652383641297e-06
snp590,27,23,17,83,5.731457800511509,4.5723690169489555e-06
snp591,25,25,99,1,0.010101010101010102,1.0
snp592,40,10,60,40,2.6666666666666665,0.010508294152742346
snp593,20,30,39,61,1.0427350427350428,0.5218487892941187
snp594,37,13,81,19,0.6676163342830009,0.8836630443801287
snp595,30,20,14,86,9.214285714285714,1.2368729526493696e-08
snp596,7,43,51,49,0.15640674874601004,0.9999991412323704
snp597,11,39,50,50,0.28205128205128205,0.9998088561137102
snp598,46,4,38,62,18.763157894736842,4.342793971898625e-11
snp599,14,36,25,75,1.1666666666666667,0.41784683906175424
snp600,2,48,12,88,0.3055555555555556,0.97768320245527
snp601,29,21,62,38,0.8463901689708141,0.7428481543847418
snp602,46,4,51,49,11.049019607843137,1.7909239216735165e-07
snp603,42,8,29,71,12.85344827586207,9.580851963844915e-11
snp604,19,31,27,73,1.6571087216248506,0.11763668039930283
snp605,30,20,26,74,4.269230769230769,5.692876384942457e-05
snp606,38,12,48,52,3.4305555555555554,0.0008290254557526333
snp607,32,18,65,35,0.9572649572649573,0.6206147261333528
snp608,9,41,4,96,5.2682926829268295,0.006382952815369568
snp609,21,29,71,29,0.29577464788732394,0.9998416885801285
snp610,6,44,82,18,0.02993348115299335,1.0
snp611,49,1,32,68,104.125,1.253083481036257e-16
snp612,22,28,94,6,0.05015197568389058,0.9999999999990781
snp613,11,39,15,85,1.5982905982905984,0.19947164731800032
snp614,5,45,79,21,0.029535864978902954,1.0
snp615,31,19,6,94,25.56140350877193,2.0233803177676791e-13
snp616,41,9,5,95,86.55555555555556,1.8920608284220439e-22
snp617,39,11,26,74,10.090909090909092,1.172705764512586e-09
snp618,44,6,22,78,26.0,3.819623779672462e-15
snp619,36,14,81,19,0.6031746031746031,0.9267795179140491
snp620,9,41,33,67,0.44567627494456763,0.984972519568392
snp621,10,40,45,55,0.3055555555555556,0.9994478820048277
snp622,30,20,90,10,0.16666666666666666,0.9999954510057759
snp623,3,47,17,83,0.311639549436796,0.9876860361586235
snp624,2,48,7,93,0.5535714285714286,0.864894315535314
snp625,16,34,84,16,0.0896358543417367,0.9999999999694792
snp626,15,35,65,35,0.23076923076923078,0.9999899559826745
snp627,14,36,80,20,0.09722222222222222,0.9999999999310517
snp628,45,5,46,54,10.565217391304348,5.606399679739871e-08
snp629,29,21,6,94,21.634920634920636,4.440044811549005e-12
snp630,4,46,30,70,0.2028985507246377,0.9997386684861065
snp631,15,35,10,90,3.857142857142857,0.002580681156218633
snp632,15,35,23,77,1.434782608695652,0.23122226433120613
snp633,43,7,54,46,5.232804232804233,6.40735010099905e-05
snp634,23,27,96,4,0.035493827160493825,0.9999999999998841
snp635,27,23,91,9,0.11610129001433349,0.9999999465042353
snp636,37,13,99,1,0.028749028749028748,0.9999999476382899
snp637,19,31,81,19,0.14376742333731582,0.9999999688836738
snp638,21,29,69,31,0.32533733133433285,0.9995943174986073
snp639,25,25,41,59,1.4390243902439024,0.19141365982440642
snp640,8,42,41,59,0.27409988385598144,0.9996438790126235
snp641,29,21,42,58,1.90702947845805,0.046739686217216234
snp642,33,17,68,32,0.9134948096885813,0.6686990694256072
snp643,4,46,90,10,0.00966183574879227,0.9999999999999934
snp644,1,49,87,13,0.0030494956603330987,1.0
snp645,7,43,87,13,0.024325046778936113,0.9999999999999934
snp646,19,31,17,83,2.9924098671726753,0.0047617088086176875
snp647,11,39,37,63,0.4802494802494803,0.9810401489095548
snp648,30,20,22,78,5.318181818181818,5.573335003331118e-06
snp649,4,46,4,96,2.0869565217391304,0.25390759267366947
snp650,41,9,36,64,8.098765432098766,6.366374116239013e-08
snp651,26,24,60,40,0.7222222222222222,0.8661808865687934
snp652,8,42,33,67,0.38672438672438675,0.9931940730779145
snp653,47,3,39,61,24.504273504273506,9.888962491789765e-12
snp654,42,8,72,28,2.0416666666666665,0.07568590713758268
snp655,28,22,42,58,1.7575757575757576,0.0740230971112712
snp656,42,8,59,41,3.6483050847457625,0.0014399574319538986
snp657,2,48,51,49,0.04003267973856209,0.9999999999658495
snp658,38,12,27,73,8.561728395061728,1.0638548881136545e-08
snp659,24,26,6,94,14.461538461538462,4.810866238131531e-09
snp660,48,2,16,84,126.0,8.939156224963005e-23
snp661,43,7,2,98,301.0,1.1230569986509225e-27
snp662,38,12,29,71,7.752873563218391,4.319369031944327e-08
snp663,25,25,89,11,0.12359550561797752,0.9999999614591653
snp664,48,2,24,76,76.0,1.2012800835513785e-18
snp665,9,41,46,54,0.2576882290562036,0.9998704392692678
snp666,15,35,62,38,0.2626728110599078,0.9999538011230866
snp667,13,37,36,64,0.6246246246246246,0.9228906319958254
snp668,46,4,4,96,276.0,4.502204643990273e-29
snp669,45,5,91,9,0.8901098901098901,0.6967464859761942
snp670,32,18,90,10,0.19753086419753085,0.9999642705951849
snp671,41,9,85,15,0.803921568627451,0.7632845451030114
snp672,42,8,68,32,2.4705882352941178,0.026830591872156317
snp673,45,5,94,6,0.574468085106383,0.8865775257289064
snp674,25,25,94,6,0.06382978723404255,0.9999999999230651
snp675,16,34,21,79,1.7703081232492996,0.10258421640029448
snp676,21,29,47,53,0.8165810711665444,0.774194548774966
snp677,21,29,55,45,0.5924764890282131,0.9531772590531665
snp678,29,21,76,24,0.43609022556390975,0.9924490916080113
snp679,9,41,13,87,1.4690431519699811,0.27985573177745315
snp680,12,38,91,9,0.031231925968768073,1.0
snp681,1,49,43,57,0.027052681537731372,0.9999999997366443
snp682,37,13,74,26,1.0,0.582153160938246
snp683,48,2,85,15,4.235294117647059,0.03558082941307784
snp684,45,5,71,29,3.676056338028169,0.006057921362772699
snp685,20,30,85,15,0.11764705882352941,0.999999996642278
snp686,46,4,41,59,16.548780487804876,3.593861870150341e-10
snp687,49,1,47,53,55.255319148936174,1.7205686387460713e-11
snp688,34,16,92,8,0.18478260869565216,0.9999532085156123
snp689,5,45,65,35,0.05982905982905983,0.9999999999979072
snp690,42,8,92,8,0.45652173913043476,0.959347414715342
snp691,30,20,18,82,6.833333333333333,3.4978904580455836e-07
snp692,34,16,39,61,3.323717948717949,0.0006953003693273777
snp693,32,18,19,81,7.578947368421052,6.909969463444086e-08
snp694,22,28,75,25,0.2619047619047619,0.9999509945689157
snp695,23,27,32,68,1.8101851851851851,0.06773351454577081
snp696,38,12,29,71,7.752873563218391,4.319369031944327e-08
snp697,22,28,19,81,3.3496240601503757,0.0013588148246233814
snp698,5,45,97,3,0.003436426116838488,1.0
snp699,1,49,58,42,0.014778325123152709,1.0
snp700,20,30,68,32,0.3137254901960784,0.9997242711250321
snp701,18,32,84,16,0.10714285714285714,0.9999999994298441
snp702,40,10,6,94,62.666666666666664,1.2335230896504886e-20
snp703,44,6,13,87,49.07692307692308,9.456692150765193e-20
snp704,21,29,68,32,0.3407707910750507,0.9993688618894355
snp705,10,40,22,78,0.8863636363636364,0.6850847859670092
snp706,27,23,57,43,0.88558352402746,0.7001265453912134
snp707,6,44,66,34,0.07024793388429752,0.9999999999920054
snp708,1,49,69,31,0.00916888494528246,1.0
snp709,10,40,25,75,0.75,0.8117004444592757
snp710,24,26,44,56,1.1748251748251748,0.38538174816909343
snp711,49,1,8,92,563.5,7.647734427110883e-30
snp712,8,42,41,59,0.27409988385598144,0.9996438790126235
snp713,39,11,39,61,5.545454545454546,4.911833817777128e-06
snp714,33,17,87,13,0.29006085192697767,0.9992474098731269
snp715,9,41,10,90,1.975609756097561,0.13042193401207197
snp716,42,8,37,63,8.93918918918919,2.7331031285799334e-08
snp717,39,11,70,30,1.5194805194805194,0.20082395071696665
snp718,14,36,75,25,0.12962962962962962,0.9999999953620564
snp719,14,36,33,67,0.7895622895622896,0.7898482034893797
snp720,32,18,33,67,3.6094276094276094,0.00029015279336345475
snp721,7,43,22,78,0.5771670190274841,0.9202913280574755
snp722,4,46,52,48,0.0802675585284281,0.9999999976351623
snp723,5,45,37,63,0.1891891891891892,0.9999511259551364
snp724,28,22,81,19,0.29854096520763185,0.9996341279582411
snp725,1,49,87,13,0.0030494956603330987,1.0
snp726,2,48,99,1,0.00042087542087542086,1.0
snp727,9,41,1,99,21.73170731707317,0.0002230043090486968
snp728,39,11,51,49,3.406417112299465,0.001090287093453791
snp729,28,22,46,54,1.4940711462450593,0.16316730802077278
snp730,38,12,96,4,0.13194444444444445,0.999954565756321
snp731,27,23,56,44,0.922360248447205,0.6583280862716563
snp732,7,43,86,14,0.02650081124932396,0.9999999999999934
snp733,15,35,27,73,1.1587301587301588,0.4200291511924908
snp734,41,9,43,57,6.038759689922481,3.5655686293496076e-06
snp735,26,24,2,98,53.083333333333336,3.228006078195515e-13
snp736,23,27,92,8,0.07407407407407407,0.9999999999203961
snp737,41,9,10,90,41.0,1.1252150254867995e-18
snp738,38,12,92,8,0.2753623188405797,0.9980754423593016
snp739,31,19,69,31,0.7330282227307399,0.8509797795526551
snp740,7,43,27,73,0.4401378122308355,0.9800143933735302
snp741,18,32,76,24,0.17763157894736842,0.9999996128482829
snp742,47,3,49,51,16.306122448979593,8.242617533865813e-09
snp743,11,39,15,85,1.5982905982905984,0.19947164731800032
snp744,1,49,92,8,0.001774622892635315,0.9999999999999933
snp745,15,35,9,91,4.333333333333333,0.0013857941981092923
snp746,40,10,92,8,0.34782608695652173,0.9903080125324107
snp747,15,35,38,62,0.6992481203007519,0.874862978736257
snp748,9,41,56,44,0.17247386759581881,0.9999990387371536
snp749,17,33,53,47,0.45683247570040025,0.9915334701468203
snp750,1,49,62,38,0.012508229098090849,0.9999999999999951
snp751,46,4,85,15,2.0294117647058822,0.17051277220774846
snp752,9,41,79,21,0.05835134300710096,0.9999999999999775
snp753,31,19,1,99,161.52631578947367,6.598929017082147e-18
snp754,40,10,50,50,4.0,0.00029081180551738937
snp755,7,43,43,57,0.21579232017306652,0.9999536211872971
snp756,5,45,59,41,0.07721280602636535,0.9999999998197706
snp757,41,9,12,88,33.407407407407405,1.9501664605536035e-17
snp758,10,40,37,63,0.42567567567567566,0.9906725934928029
snp759,30,20,94,6,0.09574468085106383,0.9999999422181112
snp760,29,21,98,2,0.028182701652089408,0.9999999999877532
snp761,45,5,15,85,51.0,1.1837727297754447e-19
snp762,29,21,92,8,0.12008281573498965,0.9999998046981059
snp763,48,2,43,57,31.813953488372093,1.5793755833605703e-11
snp764,29,21,82,18,0.30313588850174217,0.9995134803892899
snp765,11,39,28,72,0.7252747252747253,0.8381289458554367
snp766,40,10,60,40,2.6666666666666665,0.010508294152742346
snp767,42,8,92,8,0.45652173913043476,0.959347414715342
snp768,31,19,74,26,0.5732574679943101,0.9544095682280098
snp769,35,15,22,78,8.272727272727273,1.528303226681563e-08
snp770,28,22,99,1,0.012855831037649219,0.9999999999998513
snp771,41,9,15,85,25.814814814814813,8.919706163827622e-16
snp772,15,35,85,15,0.07563025210084033,0.9999999999978081
snp773,19,31,85,15,0.10815939278937381,0.9999999991338031
snp774,5,45,2,98,5.444444444444445,0.04140229033946561
snp775,48,2,43,57,31.813953488372093,1.5793755833605703e-11
snp776,44,6,36,64,13.037037037037036,5.083589595714729e-10
snp777,38,12,85,15,0.5588235294117647,0.9406880189920552
snp778,25,25,63,37,0.5873015873015873,0.9551021926833819
snp779,1,49,93,7,0.0015360983102918587,0.9999999999999933
snp780,6,44,58,42,0.0987460815047022,0.9999999975264872
snp781,34,16,66,34,1.0946969696969697,0.4783523262240882
snp782,37,13,63,37,1.6715506715506716,0.12172678013990373
snp783,13,37,64,36,0.19763513513513514,0.9999982046257483
snp784,23,27,48,52,0.9228395061728395,0.6567267020057788
snp785,7,43,50,50,0.16279069767441862,0.9999985310430014
snp786,9,41,58,42,0.15895710681244743,0.9999996894760012
snp787,40,10,83,17,0.8192771084337349,0.7531154409598999
snp788,1,49,87,13,0.0030494956603330987,1.0
snp789,17,33,61,39,0.3293591654247392,0.9995395017414092
snp790,17,33,39,61,0.8057498057498057,0.7803714950879591
snp791,6,44,11,89,1.103305785123967,0.5265403676300098
snp792,15,35,43,57,0.5681063122923588,0.9583151218259371
snp793,2,48,54,46,0.035493827160493825,0.9999999999957692
snp794,16,34,71,29,0.19221209610604806,0.9999990249788234
snp795,9,41,73,27,0.08118944203140661,0.99999999999172
snp796,39,11,90,10,0.3939393939393939,0.9859843783334893
snp797,2,48,1,99,4.125,0.2577543986939962
snp798,5,45,45,55,0.13580246913580246,0.999999071269573
snp799,18,32,84,16,0.10714285714285714,0.9999999994298441
snp800,41,9,27,73,12.316872427983538,1.0740050508933522e-10
snp801,34,16,70,30,0.9107142857142857,0.6716216789380414
snp802,25,25,93,7,0.07526881720430108,0.9999999996690746
snp803,47,3,46,54,18.391304347826086,1.2454216204260584e-09
snp804,5,45,90,10,0.012345679012345678,1.0
snp805,35,15,67,33,1.1492537313432836,0.4293051191684047
snp806,17,33,92,8,0.04479578392621871,0.9999999999999977
snp807,34,16,53,47,1.884433962264151,0.056360303263353825
snp808,44,6,52,48,6.769230769230769,6.875562596838209e-06
snp809,38,12,37,63,5.391891891891892,5.4071424128417114e-06
snp810,21,29,20,80,2.896551724137931,0.004409545926443889
snp811,6,44,11,89,1.103305785123967,0.5265403676300098
snp812,2,48,47,53,0.04698581560283688,0.999999999522394
snp813,44,6,14,86,45.04761904761905,3.6715374027961876e-19
snp814,9,41,47,53,0.24753502854177478,0.9999164331842662
snp815,20,30,1,99,66.0,2.1264285466131082e-10
snp816,12,38,90,10,0.03508771929824561,1.0
snp817,13,37,3,97,11.36036036036036,4.5434243681421476e-05
snp818,28,22,17,83,6.213903743315508,1.5718443693420915e-06
snp819,49,1,54,46,41.74074074074074,1.6845701871659054e-09
snp820,21,29,8,92,8.327586206896552,1.764706385086017e-06
snp821,45,5,19,81,38.36842105263158,1.5474077422225798e-17
snp822,1,49,31,69,0.04542462146148782,0.999999691455379
snp823,3,47,64,36,0.03590425531914894,0.9999999999999719
snp824,43,7,20,80,24.571428571428573,4.074415923724599e-15
snp825,29,21,1,99,136.71428571428572,2.1056303046305648e-16
snp826,38,12,11,89,25.62121212121212,1.792372897133258e-15
snp827,17,33,55,45,0.4214876033057851,0.9955744513792016
snp828,9,41,21,79,0.8257839721254355,0.7389005155350605
snp829,37,13,32,68,6.048076923076923,1.0424706308290224e-06
snp830,22,28,94,6,0.05015197568389058,0.9999999999990781
snp831,49,1,16,84,257.25,2.7468930788726123e-24
snp832,33,17,4,96,46.588235294117645,2.1188989461339968e-16
snp833,34,16,37,63,3.6182432432432434,0.000300491981515434
snp834,44,6,84,16,1.3968253968253967,0.3482034885812867
snp835,29,21,3,97,44.65079365079365,2.3997918642715226e-14
snp836,24,26,20,80,3.6923076923076925,0.00046112864614393935
snp837,26,24,61,39,0.6926229508196722,0.890129605032655
snp838,17,33,55,45,0.4214876033057851,0.9955744513792016
snp839,37,13,90,10,0.3162393162393162,0.9968716623213132
snp840,41,9,34,66,8.843137254901961,1.754428416437142e-08
snp841,9,41,73,27,0.08118944203140661,0.99999999999172
snp842,12,38,37,63,0.5376955903271693,0.9645568212804676
snp843,24,26,94,6,0.058919803600654665,0.999999999981675
snp844,30,20,77,23,0.44805194805194803,0.9902246050963937
snp845,37,13,42,58,3.93040293040293,0.00017435187572701027
snp846,6,44,44,56,0.17355371900826447,0.9999926031511297
snp847,16,34,70,30,0.20168067226890757,0.9999982030069257
snp848,31,19,41,59,2.34788189987163,0.011973592813417509
snp849,9,41,39,61,0.3433395872420263,0.9979252240790851
snp850,1,49,23,77,0.06832298136645963,0.9999794490770831
snp851,10,40,32,68,0.53125,0.9609214078091973
snp852,21,29,91,9,0.07161803713527852,0.9999999999832255
snp853,39,11,37,63,6.036855036855036,1.6500089718171995e-06
snp854,18,32,48,52,0.609375,0.9424475589587524
snp855,33,17,40,60,2.911764705882353,0.0022329088974335923
snp856,2,48,53,47,0.036949685534591194,0.9999999999914309
snp857,6,44,4,96,3.272727272727273,0.06958264586506735
snp858,4,46,96,4,0.0036231884057971015,0.9999999999999986
snp859,20,30,72,28,0.25925925925925924,0.9999622477692782
snp860,16,34,74,26,0.16534181240063592,0.9999998635760207
snp861,24,26,14,86,5.670329670329671,1.1594161759205026e-05
snp862,28,22,25,75,3.8181818181818183,0.00020391810306221716
snp863,12,38,46,54,0.3707093821510298,0.9977360188832319
snp864,19,31,29,71,1.5005561735261401,0.17638427974368598
snp865,46,4,81,19,2.697530864197531,0.05981095942960724
snp866,2,48,3,97,1.3472222222222223,0.5413307027722771
snp867,38,12,84,16,0.6031746031746031,0.9186926825614783
snp868,6,44,42,58,0.18831168831168832,0.9999804823145172
snp869,34,16,14,86,13.053571428571429,4.9009221490241466e-11
snp870,8,42,53,47,0.16891284815813118,0.9999987638167092
snp871,29,21,48,52,1.496031746031746,0.16311156468685017
snp872,11,39,99,1,0.002849002849002849,0.9999999999999958
snp873,32,18,34,66,3.450980392156863,0.00045066119126493405
snp874,6,44,1,99,13.5,0.0057425995549147
snp875,1,49,32,68,0.04336734693877551,0.9999998221946235
snp876,40,10,77,23,1.1948051948051948,0.4223264615845769
snp877,24,26,98,2,0.018838304552590265,0.9999999999999919
snp878,22,28,82,18,0.17247386759581881,0.9999994844627732
snp879,41,9,1,99,451.0,8.178917286523175e-27
snp880,18,32,40,60,0.84375,0.7418390583871275
snp881,14,36,17,83,1.8986928104575163,0.08919198066634984
snp882,1,49,16,84,0.10714285714285714,0.9993842625317895
snp883,27,23,91,9,0.11610129001433349,0.9999999465042353
snp884,43,7,16,84,32.25,4.546933067985794e-17
snp885,15,35,88,12,0.05844155844155844,0.9999999999999398
snp886,9,41,36,64,0.3902439024390244,0.9941583147193069
snp887,23,27,58,42,0.6168582375478927,0.9410298192440643
snp888,16,34,11,89,3.807486631016043,0.0021034271864400723
snp889,47,3,5,95,297.6666666666667,1.9702271551469973e-29
snp890,1,49,17,83,0.09963985594237695,0.9996157427829905
snp891,41,9,54,46,3.880658436213992,0.0005521179951771152
snp892,31,19,98,2,0.03329752953813104,0.9999999997873548
snp893,20,30,27,73,1.8024691358024691,0.07704638870943648
snp894,17,33,50,50,0.5151515151515151,0.9795532712684344
snp895,21,29,4,96,17.379310344827587,1.4255513861249119e-08
snp896,15,35,95,5,0.022556390977443608,0.9999999999999957
snp897,33,17,79,21,0.5160089352196575,0.9715376743475005
snp898,36,14,40,60,3.857142857142857,0.00018481613970516695
snp899,28,22,97,3,0.03936269915651359,0.9999999999720403
snp900,28,22,4,96,30.545454545454547,7.748133612403528e-13
snp901,4,46,77,23,0.025974025974025976,0.9999999999999946
snp902,45,5,99,1,0.09090909090909091,0.9988885291184064
snp903,47,3,28,72,40.285714285714285,1.0811696302083386e-15
snp904,40,10,49,51,4.163265306122449,0.00019114388628798371
snp905,9,41,79,21,0.05835134300710096,0.9999999999999775
snp906,49,1,85,15,8.647058823529411,0.010226933663193244
snp907,26,24,29,71,2.6522988505747125,0.005234457845112066
snp908,13,37,99,1,0.003549003549003549,0.999999999999998
snp909,49,1,28,72,126.0,2.860863836264428e-18
snp910,30,20,17,83,7.323529411764706,1.610999444404121e-07
snp911,2,48,32,68,0.08854166666666667,0.9999973146829348
snp912,36,14,16,84,13.5,1.8069385465827146e-11
snp913,19,31,70,30,0.2626728110599078,0.9999582672677066
snp914,14,36,99,1,0.003928170594837262,1.0
snp915,20,30,61,39,0.4262295081967213,0.9954742768643602
snp916,19,31,48,52,0.6639784946236559,0.9095550207459508
snp917,41,9,44,56,5.797979797979798,5.992308111147484e-06
snp918,27,23,63,37,0.6894409937888198,0.891764037429597
snp919,29,21,76,24,0.43609022556390975,0.9924490916080113
snp920,9,41,99,1,0.0022172949002217295,1.0
snp921,18,32,59,41,0.3908898305084746,0.9977670911025684
snp922,31,19,80,20,0.40789473684210525,0.9942883127496085
snp923,2,48,33,67,0.0845959595959596,0.9999984059876506
snp924,1,49,35,65,0.037900874635568516,0.9999999672557287
snp925,45,5,43,57,11.930232558139535,8.957847010846382e-09
snp926,30,20,78,22,0.4230769230769231,0.9933513853749752
snp927,44,6,86,14,1.193798449612403,0.4747287977847662
snp928,27,23,67,33,0.5781959766385464,0.9576553734972331
snp929,18,32,40,60,0.84375,0.7418390583871275
snp930,2,48,73,27,0.015410958904109588,0.999999999999992
snp931,20,30,35,65,1.2380952380952381,0.3359955313274898
snp932,3,47,50,50,0.06382978723404255,0.999999999093756
snp933,28,22,90,10,0.1414141414141414,0.9999995030946588
snp934,39,11,1,99,351.0,8.495639008673441e-25
snp935,5,45,9,91,1.123456790123457,0.5282768947369353
snp936,27,23,90,10,0.13043478260869565,0.9999998450461103
snp937,6,44,48,52,0.14772727272727273,0.9999990589460092
snp938,6,44,59,41,0.09476117103235747,0.9999999987264646
snp939,27,23,1,99,116.21739130434783,5.74033131676992e-15
snp940,45,5,98,2,0.1836734693877551,0.9942574004450869
snp941,32,18,27,73,4.806584362139918,1.4080019663897302e-05
snp942,24,26,18,82,4.205128205128205,0.00015516380064632156
snp943,13,37,58,42,0.25442684063373716,0.9999591905448519
snp944,36,14,79,21,0.6835443037974683,0.876385070325975
snp945,37,13,54,46,2.4245014245014245,0.013499242770912398
snp946,7,43,73,27,0.060210258043963044,0.9999999999998288
snp947,46,4,45,55,14.055555555555555,4.977623089446621e-09
snp948,35,15,19,81,9.947368421052632,1.318911444800478e-09
snp949,7,43,67,33,0.08018049288441513,0.9999999999735819
snp950,29,21,66,34,0.7113997113997114,0.872228909291922
snp951,27,23,11,89,9.49802371541502,3.068425095512027e-08
snp952,43,7,82,18,1.348432055749129,0.3552409999594761
snp953,21,29,75,25,0.2413793103448276,0.9999812832178995
snp954,11,39,74,26,0.0990990990990991,0.9999999998899852
snp955,7,43,53,47,0.14436156208863538,0.9999997165735661
snp956,27,23,39,61,1.8361204013377928,0.058357389544856676
snp957,36,14,22,78,9.116883116883116,3.925634759227473e-09
snp958,15,35,54,46,0.36507936507936506,0.9985921851792773
snp959,38,12,81,19,0.742798353909465,0.8235039106993546
snp960,7,43,79,21,0.04327347659699735,0.9999999999999936
snp961,11,39,28,72,0.7252747252747253,0.8381289458554367
snp962,25,25,87,13,0.14942528735632185,0.9999997385351473
snp963,20,30,51,49,0.6405228758169934,0.9261699766811053
snp964,5,45,99,1,0.001122334455667789,0.999999999999996
snp965,5,45,60,40,0.07407407407407407,0.9999999999108833
snp966,4,46,96,4,0.0036231884057971015,0.9999999999999986
snp967,1,49,68,32,0.009603841536614645,0.9999999999999946
snp968,17,33,54,46,0.4388327721661055,0.9938404026727281
snp969,12,38,49,51,0.32867883995703545,0.9992561521979835
snp970,2,48,12,88,0.3055555555555556,0.97768320245527
snp971,20,30,96,4,0.027777777777777776,0.9999999999999992
snp972,36,14,21,79,9.673469387755102,1.7415198539220419e-09
snp973,8,42,8,92,2.1904761904761907,0.11356731337014064
snp974,19,31,37,63,1.04359197907585,0.5217436512889849
snp975,49,1,32,68,104.125,1.253083481036257e-16
snp976,48,2,32,68,51.0,2.678952104690296e-15
snp977,3,47,8,92,0.7340425531914894,0.7757926629088464
snp978,4,46,66,34,0.04479578392621871,0.999999999999914
snp979,14,36,29,71,0.9521072796934866,0.6218937563894333
snp980,27,23,74,26,0.41245593419506466,0.9956243910677725
snp981,19,31,49,51,0.6379196840026333,0.9268949769613974
snp982,34,16,91,9,0.21016483516483517,0.9998895178437227
snp983,6,44,26,74,0.3881118881118881,0.988141852227138
snp984,8,42,82,18,0.041811846689895474,0.9999999999999952
snp985,4,46,78,22,0.024526198439241916,0.9999999999999971
snp986,43,7,31,69,13.672811059907835,7.771469194378031e-11
snp987,14,36,57,43,0.2933723196881092,0.9998256481242725
snp988,14,36,92,8,0.033816425120772944,0.9999999999999939
snp989,2,48,29,71,0.10201149425287356,0.9999876850451553
snp990,31,19,95,5,0.08587257617728532,0.9999999494725078
snp991,1,49,66,34,0.010513296227581941,1.0
snp992,30,20,93,7,0.11290322580645161,0.9999997977152137
snp993,38,12,60,40,2.111111111111111,0.03779579087501918
snp994,4,46,3,97,2.8115942028985508,0.16802003298026255
snp995,1,49,79,21,0.0054249547920434,1.0
snp996,12,38,42,58,0.43609022556390975,0.9914472537068939
snp997,49,1,47,53,55.255319148936174,1.7205686387460713e-11
snp998,23,27,6,94,13.345679012345679,1.7344012548811255e-08
snp999,16,34,31,69,1.047438330170778,0.5216623849957849
