SNP,p_values,significant
snp0,0.18325409212704696,False
snp1,2.3379267527235936e-12,True
snp2,2.4844405604446127e-06,False
snp3,0.0039078051230078585,False
snp4,0.9999999999999244,False
snp5,0.999995427630977,False
snp6,1.5215711089468385e-20,True
snp7,1.2314319654558417e-05,False
snp8,0.00011180669140499911,False
snp9,6.6898258193011e-17,True
snp10,3.3020052186767954e-06,False
snp11,0.9999804823145172,False
snp12,0.997073323303574,False
snp13,3.851233834604319e-08,True
snp14,0.0012829530649726844,False
snp15,0.9999999999999976,False
snp16,3.080084896218974e-14,True
snp17,1.0,False
snp18,0.1377779344966681,False
snp19,0.00026620660005235227,False
snp20,0.9999999999398226,False
snp21,0.9999985443196534,False
snp22,0.9999999999999976,False
snp23,0.04559043177198533,False
snp24,0.0024665615890242815,False
snp25,0.01071080365476531,False
snp26,0.5243168087190881,False
snp27,0.9999683381809233,False
snp28,0.9999999999999967,False
snp29,1.4122872419325041e-33,True
snp30,0.9999999999999948,False
snp31,1.0,False
snp32,0.9999999996406091,False
snp33,1.0,False
snp34,1.3631262255213355e-19,True
snp35,0.9999999999999951,False
snp36,8.578425783937116e-05,False
snp37,0.999998113839726,False
snp38,0.9999999726689681,False
snp39,0.9999999662981375,False
snp40,0.33630251786474935,False
snp41,0.9999999811803105,False
snp42,0.9999999662981375,False
snp43,3.069905126038626e-16,True
snp44,5.02509091159145e-33,True
snp45,0.5235868560444156,False
snp46,0.050774011524344534,False
snp47,0.9999991182572304,False
snp48,0.0021704772278600313,False
snp49,0.9997912503736044,False
snp50,0.7757926629088464,False
snp51,0.9998395489637093,False
snp52,0.19000649136564163,False
snp53,0.9998960655430447,False
snp54,0.9955369113395918,False
snp55,0.9999989906940753,False
snp56,0.9385670200435068,False
snp57,0.9993015470874369,False
snp58,0.7371344996861117,False
snp59,6.893900112480734e-05,False
snp60,0.71690115282409,False
snp61,1.9181849439603266e-05,False
snp62,0.979822588910122,False
snp63,0.0009643342689252712,False
snp64,5.761739578071312e-07,False
snp65,0.9999999999912953,False
snp66,4.651234333449185e-16,True
snp67,0.9999999999999958,False
snp68,0.6531886807847286,False
snp69,0.1838484453407896,False
snp70,0.8981477013206836,False
snp71,0.9543528565576963,False
snp72,0.5217436512889849,False
snp73,0.9999997689712012,False
snp74,0.9999989906940753,False
snp75,6.277281992605563e-13,True
snp76,0.9999844814582296,False
snp77,0.00814555364342491,False
snp78,4.471983519170101e-05,False
snp79,1.2537917399690455e-10,True
snp80,5.099133286051586e-16,True
snp81,0.9999999534996773,False
snp82,0.9999999999999952,False
snp83,0.00031727376300575496,False
snp84,4.6394446530523945e-07,False
snp85,9.745824694735568e-07,False
snp86,0.9999999999990273,False
snp87,6.2005835074613305e-06,False
snp88,1.9702271551469973e-29,True
snp89,2.03361555775375e-06,False
snp90,0.9999999961079138,False
snp91,3.111632482683051e-08,True
snp92,0.999017752134046,False
snp93,0.659338246497938,False
snp94,0.9999999999999986,False
snp95,0.036390806222919986,False
snp96,0.9998779225538272,False
snp97,0.9989137329960903,False
snp98,1.212859896773911e-06,False
snp99,0.9999913204251696,False
snp100,0.8649854334634762,False
snp101,0.010508294152742346,False
snp102,0.9999999999999664,False
snp103,3.712373742970831e-14,True
snp104,0.7307936606135736,False
snp105,0.37273984514285613,False
snp106,0.999017752134046,False
snp107,7.042983944470628e-12,True
snp108,0.006262203296619069,False
snp109,0.22371891812630693,False
snp110,0.38709593528420905,False
snp111,4.515103086522685e-29,True
snp112,0.05356468342661665,False
snp113,0.2577543986939962,False
snp114,0.9999902621053741,False
snp115,0.9999999999999951,False
snp116,1.777019117066323e-11,True
snp117,0.9351940375937423,False
snp118,0.015425873379395404,False
snp119,0.7307936606135736,False
snp120,4.650032354298334e-08,True
snp121,0.9044252862231936,False
snp122,3.5729404812763303e-05,False
snp123,0.999999999999539,False
snp124,0.6472652262066925,False
snp125,0.997937588456433,False
snp126,0.7070853874213541,False
snp127,0.613614834746993,False
snp128,0.9933617813029532,False
snp129,6.976078179761964e-28,True
snp130,0.9999998046981059,False
snp131,8.394744142042881e-19,True
snp132,1.881968854237459e-08,True
snp133,0.00032068589520635877,False
snp134,6.8266112410652135e-06,False
snp135,8.679574826191718e-06,False
snp136,0.2571518456152651,False
snp137,0.737978134227345,False
snp138,1.0541915218802375e-23,True
snp139,0.9999999999999934,False
snp140,0.9999999999999993,False
snp141,0.9999999989074112,False
snp142,0.0712568506733518,False
snp143,0.0010226718091415296,False
snp144,0.011607344115061173,False
snp145,0.9980949209926361,False
snp146,0.9999999994901075,False
snp147,1.6154576139173591e-25,True
snp148,4.887404486663603e-05,False
snp149,0.999999956806316,False
snp150,4.224316652607001e-12,True
snp151,1.0,False
snp152,1.0,False
snp153,0.057552441041247945,False
snp154,0.999999896437668,False
snp155,0.8256062454613569,False
snp156,0.5273701108400307,False
snp157,3.080150430445529e-08,True
snp158,0.13575542249550654,False
snp159,0.9962569973738855,False
snp160,1.0,False
snp161,0.22656686767737494,False
snp162,0.0030041927874870727,False
snp163,1.0,False
snp164,0.9999697948054019,False
snp165,0.9559660538447059,False
snp166,0.011769754907039099,False
snp167,1.0,False
snp168,0.9999999999999956,False
snp169,1.5298583814402517e-05,False
snp170,0.8918745981840502,False
snp171,0.011973592813417509,False
snp172,1.0,False
snp173,0.6716216789380414,False
snp174,1.0,False
snp175,0.4283799756112777,False
snp176,1.0,False
snp177,0.999984827671734,False
snp178,3.065073670204877e-12,True
snp179,0.9999999999999986,False
snp180,0.024188413436430183,False
snp181,1.0,False
snp182,0.9998818470949786,False
snp183,1.3669322090430233e-15,True
snp184,0.9999999891450929,False
snp185,0.9999999521135193,False
snp186,0.9951285562566234,False
snp187,0.9999999999999952,False
snp188,0.5282768947369353,False
snp189,2.010989461942215e-11,True
snp190,0.0002716078286322561,False
snp191,0.01375777749781188,False
snp192,0.9999999535499391,False
snp193,5.246541007381382e-09,True
snp194,2.1188989461339968e-16,True
snp195,0.988284639558641,False
snp196,2.6048909483273362e-18,True
snp197,0.5875745347408641,False
snp198,0.9999999999999978,False
snp199,0.9999999999993312,False
snp200,0.9937045322943528,False
snp201,0.01401562166650838,False
snp202,0.9873914759302074,False
snp203,6.054398192000353e-19,True
snp204,6.03924235240639e-20,True
snp205,0.16763670548728452,False
snp206,0.9999999794032864,False
snp207,0.06480596240625562,False
snp208,1.1784984896742e-13,True
snp209,0.17051277220774846,False
snp210,0.7066932704516606,False
snp211,0.9924233948539787,False
snp212,5.632677072636767e-15,True
snp213,0.999999087781128,False
snp214,0.999999999999992,False
snp215,0.989505241021826,False
snp216,0.9999999881071389,False
snp217,7.443930849408355e-05,False
snp218,0.0011468168064874317,False
snp219,7.069457051808127e-10,True
snp220,0.2794477065440783,False
snp221,1.0854505799553999e-08,True
snp222,0.0019697737814991117,False
snp223,5.178264860683867e-07,False
snp224,0.004269348225460797,False
snp225,0.5339734983531459,False
snp226,0.9984815126833115,False
snp227,0.9999999998340487,False
snp228,0.9999999997633797,False
snp229,0.9999532085156123,False
snp230,0.044033946155294074,False
snp231,1.0,False
snp232,0.08303721043028187,False
snp233,0.13295510024725893,False
snp234,5.577136389728615e-07,False
snp235,0.999999999998528,False
snp236,0.9999966979947806,False
snp237,0.03393274666498379,False
snp238,0.0031070148350314415,False
snp239,0.8695780659879354,False
snp240,3.542757360722037e-08,True
snp241,0.9999999999999934,False
snp242,0.0011592727011839677,False
snp243,0.9999642705951849,False
snp244,4.6272356010050263e-07,False
snp245,0.1876405298304716,False
snp246,0.2742514523410119,False
snp247,1.3642397458678805e-07,False
snp248,7.91875925277939e-06,False
snp249,0.00043738227497240037,False
snp250,0.852478778469134,False
snp251,0.5699446086180892,False
snp252,1.5178540169019494e-20,True
snp253,5.175029184846194e-11,True
snp254,0.998030226218503,False
snp255,0.9969063667307835,False
snp256,0.9999999954511966,False
snp257,0.9999995030946588,False
snp258,0.999999851653179,False
snp259,0.9974950857998347,False
snp260,0.7205522934559246,False
snp261,1.2112103362007433e-17,True
snp262,0.04663943703018518,False
snp263,0.9999964440239505,False
snp264,0.4153347117505577,False
snp265,0.9890280495352466,False
snp266,4.8766940091697497e-29,True
snp267,0.37273984514285613,False
snp268,4.354437738285905e-06,False
snp269,0.9999999999999967,False
snp270,0.8424585549002115,False
snp271,0.09044497925405565,False
snp272,3.6959745266729734e-09,True
snp273,0.7042920874156436,False
snp274,0.9999999999999953,False
snp275,7.161913532453477e-07,False
snp276,0.9999917124724328,False
snp277,0.9999997165735661,False
snp278,0.9999999976382399,False
snp279,0.03226374448568344,False
snp280,6.366374116239013e-08,False
snp281,1.0,False
snp282,8.872690662585531e-06,False
snp283,0.9999999999998684,False
snp284,1.6130406215745888e-07,False
snp285,0.9830358194289661,False
snp286,0.9999999949627514,False
snp287,0.18868223619046479,False
snp288,2.3555219624693635e-07,False
snp289,0.06888596254362549,False
snp290,0.9999999422181112,False
snp291,0.9999999999999977,False
snp292,0.020446728731572102,False
snp293,1.0,False
snp294,0.23249693856664796,False
snp295,1.4834681618758976e-07,False
snp296,0.46879761406653164,False
snp297,0.005108184821562741,False
snp298,0.9999999999999936,False
snp299,0.9999999999999952,False
snp300,0.011769754907039099,False
snp301,0.958597709660536,False
snp302,0.9999804179507912,False
snp303,0.06480596240625562,False
snp304,0.00014480297412727144,False
snp305,0.9999999999999951,False
snp306,0.9999756159327245,False
snp307,4.078374911957674e-19,True
snp308,0.9197521257987546,False
snp309,1.0,False
snp310,0.9786295128135719,False
snp311,0.04253335188105544,False
snp312,1.0,False
snp313,0.990630188399982,False
snp314,0.9999999999999982,False
snp315,0.9999999999997862,False
snp316,0.03364559256212251,False
snp317,8.041591552821381e-07,False
snp318,0.00017411128533621696,False
snp319,0.9990369047704428,False
snp320,0.9999990254175255,False
snp321,4.702876947690066e-05,False
snp322,0.9851992254803814,False
snp323,0.0013774924669263137,False
snp324,0.37938527386664644,False
snp325,6.337323238643058e-06,False
snp326,3.799457244156926e-08,True
snp327,7.156912925372958e-10,True
snp328,2.054897856425876e-08,True
snp329,0.0037430026261122077,False
snp330,1.0,False
snp331,0.9941583147193069,False
snp332,6.976078179761964e-28,True
snp333,0.005234457845112066,False
snp334,0.052195522433314614,False
snp335,0.9999999999992897,False
snp336,0.8695780659879354,False
snp337,3.593861870150341e-10,True
snp338,8.5206543696328e-23,True
snp339,1.0,False
snp340,1.020945113312454e-09,True
snp341,1.9213991558197044e-21,True
snp342,4.352922612234998e-06,False
snp343,0.3482034885812867,False
snp344,1.0,False
snp345,6.337323238643058e-06,False
snp346,0.9999999999999989,False
snp347,0.9999999999999986,False
snp348,0.9999999999999868,False
snp349,0.2065056690412943,False
snp350,0.8447588663055448,False
snp351,0.9986411851753815,False
snp352,1.2832225238336072e-12,True
snp353,0.9999999987264646,False
snp354,0.9999999999999605,False
snp355,0.9999999397006327,False
snp356,0.999999999999996,False
snp357,0.9996591749536381,False
snp358,6.436156514875388e-23,True
snp359,0.9118956520190733,False
snp360,0.6303613298565571,False
snp361,0.04663943703018518,False
snp362,1.2624983845212753e-19,True
snp363,0.05897018075593033,False
snp364,0.9999999996522536,False
snp365,0.9999999999720403,False
snp366,4.4922004894446494e-06,False
snp367,0.9999999994563173,False
snp368,2.0606131617473438e-08,True
snp369,0.9999999999999991,False
snp370,1.6181308392426437e-13,True
snp371,1.0,False
snp372,0.7750797164831857,False
snp373,0.9999999999310517,False
snp374,6.752339308513558e-08,False
snp375,0.0006726870776277655,False
snp376,0.38459625726863833,False
snp377,1.0,False
snp378,0.8888833543481651,False
snp379,0.5222605163825002,False
snp380,0.9999999999957692,False
snp381,1.525139825194236e-17,True
snp382,0.9948869573533563,False
snp383,0.9999999999999953,False
snp384,0.011715360441359457,False
snp385,5.729092996996636e-09,True
snp386,1.91969079783036e-27,True
snp387,0.0043927518823158075,False
snp388,0.4306494921162798,False
snp389,0.20982468260704856,False
snp390,0.9999999967996356,False
snp391,8.705329425491938e-26,True
snp392,0.19947164731800032,False
snp393,0.864894315535314,False
snp394,0.9996374097508829,False
snp395,0.999017752134046,False
snp396,0.8140519799139265,False
snp397,0.9455728280613453,False
snp398,0.999999691464638,False
snp399,0.6636974821352493,False
snp400,5.561158930654177e-07,False
snp401,0.00028523068652686555,False
snp402,0.9993209003640443,False
snp403,1.0,False
snp404,0.9999999999999952,False
snp405,0.027235873065762015,False
snp406,0.9999999999999201,False
snp407,6.925793273583721e-16,True
snp408,9.240997383905301e-14,True
snp409,0.9999973146829348,False
snp410,5.174939384163486e-15,True
snp411,0.9999993717589285,False
snp412,0.9999996850016017,False
snp413,0.9988885291184064,False
snp414,0.9792878827103193,False
snp415,1.6004438360471439e-06,False
snp416,5.497590276728736e-07,False
snp417,5.083589595714729e-10,True
snp418,4.5939545037579444e-07,False
snp419,0.9999999954511966,False
snp420,1.4985840685608295e-14,True
snp421,2.8210399441480828e-06,False
snp422,1.3570930841559277e-21,True
snp423,0.9999999977757073,False
snp424,0.9954742768643602,False
snp425,0.9999999998800047,False
snp426,0.9935966584072261,False
snp427,0.9999999614876681,False
snp428,0.00028282162139298405,False
snp429,0.9999999999965161,False
snp430,0.9999999999999833,False
snp431,4.711692598246571e-30,True
snp432,0.39438295131508305,False
snp433,0.9954501467451456,False
snp434,0.9415087255901723,False
snp435,0.04599972725392553,False
snp436,0.04716320801447024,False
snp437,1.0,False
snp438,0.9999999982362636,False
snp439,0.9994682284525783,False
snp440,0.9999992959100483,False
snp441,0.9998623014516622,False
snp442,0.9999999999999992,False
snp443,0.04183506640226399,False
snp444,0.9873086205173658,False
snp445,0.6133923907085672,False
snp446,3.830283656498986e-13,True
snp447,0.0031972626781273765,False
snp448,0.0011629420058927888,False
snp449,0.7009268862818563,False
snp450,0.9962569973738855,False
snp451,0.11068654123116747,False
snp452,0.9999999999999986,False
snp453,0.9992268622837843,False
snp454,0.9999994177814908,False
snp455,8.431072198367714e-08,False
snp456,0.9999999999997904,False
snp457,4.342793971898625e-11,True
snp458,0.9645568212804676,False
snp459,1.291374597594686e-07,False
snp460,0.9999999999999986,False
snp461,0.015546861050156027,False
snp462,0.9999999999999954,False
snp463,0.9644191705869231,False
snp464,0.9999997165735661,False
snp465,0.57256513930979,False
snp466,0.7974327709980222,False
snp467,8.495639008673441e-25,True
snp468,0.9999913204251696,False
snp469,0.9986225075330794,False
snp470,0.9999999368805961,False
snp471,1.1594161759205026e-05,False
snp472,0.012678104893131831,False
snp473,0.9999999999999982,False
snp474,0.9886329282302446,False
snp475,0.999946688046799,False
snp476,0.8430927042008522,False
snp477,1.0,False
snp478,3.516921934205641e-12,True
snp479,1.0,False
snp480,0.9999999999310517,False
snp481,0.6129040647157857,False
snp482,6.228321925240285e-07,False
snp483,0.5707827623434242,False
snp484,3.141118030910825e-08,True
snp485,0.9999992959100483,False
snp486,1.1832946978404875e-07,False
snp487,5.729092996996636e-09,True
snp488,0.03917071862458692,False
snp489,6.0884933871503495e-18,True
snp490,0.47740915263667294,False
snp491,0.9999999999999992,False
snp492,0.0001221540472773727,False
snp493,4.1973084900162904e-16,True
snp494,0.9980861460012981,False
snp495,0.9999945928575791,False
snp496,0.9999999997737657,False
snp497,0.9999999997873548,False
snp498,0.9999303054645028,False
snp499,0.00013429210933545496,False
snp500,0.0005976406449277918,False
snp501,0.9798187099057093,False
snp502,0.869788103346713,False
snp503,0.0093274065071993,False
snp504,0.9998803873794073,False
snp505,0.9823020721756552,False
snp506,5.3153675152140545e-05,False
snp507,0.019711881339554534,False
snp508,2.0233803177676791e-13,True
snp509,0.9999999976382399,False
snp510,0.1398846889056199,False
snp511,0.003597456631405329,False
snp512,0.9999991747563444,False
snp513,0.9986142058018949,False
snp514,5.0201178792254575e-17,True
snp515,0.8552951633091063,False
snp516,2.226597532561093e-09,True
snp517,6.526088426775572e-05,False
snp518,0.6133523505671501,False
snp519,0.6686395071971116,False
snp520,0.9612646084422758,False
snp521,0.9257769895923825,False
snp522,0.9999996615741178,False
snp523,0.9999999999999971,False
snp524,1.671575091445051e-08,True
snp525,0.9663186987494469,False
snp526,0.023707149998769564,False
snp527,0.999999999999998,False
snp528,1.6524904217043823e-05,False
snp529,0.13050741208584823,False
snp530,0.011973592813417509,False
snp531,0.07970867194253167,False
snp532,0.9999994844627732,False
snp533,0.0020432551626706564,False
snp534,0.9999945372076042,False
snp535,0.0018191233724755163,False
snp536,0.9999999999621624,False
snp537,2.449488165138832e-06,False
snp538,1.0,False
snp539,1.802192096232762e-13,True
snp540,0.5695106503267378,False
snp541,0.004269348225460797,False
snp542,0.07428690491570861,False
snp543,1.7969930681701013e-06,False
snp544,0.9999991412323704,False
snp545,0.058182873541177946,False
snp546,0.004550901738735958,False
snp547,2.4845169891962345e-37,True
snp548,7.748133612403528e-13,True
snp549,0.01418836151360672,False
snp550,3.0272585712944185e-07,False
snp551,0.9999999999997904,False
snp552,6.969453550541513e-05,False
snp553,0.9999999999329363,False
snp554,4.412634720135142e-28,True
snp555,0.99998727942429,False
snp556,0.964479332058398,False
snp557,1.1837727297754447e-19,True
snp558,0.9999950328060837,False
snp559,3.3092468554625867e-10,True
snp560,0.38538174816909343,False
snp561,0.9936170471846277,False
snp562,3.805607899133696e-17,True
snp563,0.9942883127496085,False
snp564,0.2673917490145352,False
snp565,0.16167273337572322,False
snp566,0.0006538216296576916,False
snp567,0.3166339690133812,False
snp568,0.00016045103628600647,False
snp569,1.0,False
snp570,0.0003721109671274591,False
snp571,0.0001322903217748072,False
snp572,0.1865019239310568,False
snp573,0.9990970566433128,False
snp574,2.337810580357456e-13,True
snp575,0.127370720855385,False
snp576,1.0846575504406262e-30,True
snp577,1.0781041399587426e-06,False
snp578,3.6732326755558136e-27,True
snp579,0.6148433548288076,False
snp580,0.04973184099440882,False
snp581,2.0571093656994675e-12,True
snp582,0.007576605146026227,False
snp583,7.991141882297608e-13,True
snp584,0.9838817125429298,False
snp585,2.7963477177352933e-11,True
snp586,0.9999999999999953,False
snp587,1.0,False
snp588,1.2601194353643115e-10,True
snp589,9.979652383641297e-06,False
snp590,4.5723690169489555e-06,False
snp591,1.0,False
snp592,0.010508294152742346,False
snp593,0.5218487892941187,False
snp594,0.8836630443801287,False
snp595,1.2368729526493696e-08,True
snp596,0.9999991412323704,False
snp597,0.9998088561137102,False
snp598,4.342793971898625e-11,True
snp599,0.41784683906175424,False
snp600,0.97768320245527,False
snp601,0.7428481543847418,False
snp602,1.7909239216735165e-07,False
snp603,9.580851963844915e-11,True
snp604,0.11763668039930283,False
snp605,5.692876384942457e-05,False
snp606,0.0008290254557526333,False
snp607,0.6206147261333528,False
snp608,0.006382952815369568,False
snp609,0.9998416885801285,False
snp610,1.0,False
snp611,1.253083481036257e-16,True
snp612,0.9999999999990781,False
snp613,0.19947164731800032,False
snp614,1.0,False
snp615,2.0233803177676791e-13,True
snp616,1.8920608284220439e-22,True
snp617,1.172705764512586e-09,True
snp618,3.819623779672462e-15,True
snp619,0.9267795179140491,False
snp620,0.984972519568392,False
snp621,0.9994478820048277,False
snp622,0.9999954510057759,False
snp623,0.9876860361586235,False
snp624,0.864894315535314,False
snp625,0.9999999999694792,False
snp626,0.9999899559826745,False
snp627,0.9999999999310517,False
snp628,5.606399679739871e-08,False
snp629,4.440044811549005e-12,True
snp630,0.9997386684861065,False
snp631,0.002580681156218633,False
snp632,0.23122226433120613,False
snp633,6.40735010099905e-05,False
snp634,0.9999999999998841,False
snp635,0.9999999465042353,False
snp636,0.9999999476382899,False
snp637,0.9999999688836738,False
snp638,0.9995943174986073,False
snp639,0.19141365982440642,False
snp640,0.9996438790126235,False
snp641,0.046739686217216234,False
snp642,0.6686990694256072,False
snp643,0.9999999999999934,False
snp644,1.0,False
snp645,0.9999999999999934,False
snp646,0.0047617088086176875,False
snp647,0.9810401489095548,False
snp648,5.573335003331118e-06,False
snp649,0.25390759267366947,False
snp650,6.366374116239013e-08,False
snp651,0.8661808865687934,False
snp652,0.9931940730779145,False
snp653,9.888962491789765e-12,True
snp654,0.07568590713758268,False
snp655,0.0740230971112712,False
snp656,0.0014399574319538986,False
snp657,0.9999999999658495,False
snp658,1.0638548881136545e-08,True
snp659,4.810866238131531e-09,True
snp660,8.939156224963005e-23,True
snp661,1.1230569986509225e-27,True
snp662,4.319369031944327e-08,True
snp663,0.9999999614591653,False
snp664,1.2012800835513785e-18,True
snp665,0.9998704392692678,False
snp666,0.9999538011230866,False
snp667,0.9228906319958254,False
snp668,4.502204643990273e-29,True
snp669,0.6967464859761942,False
snp670,0.9999642705951849,False
snp671,0.7632845451030114,False
snp672,0.026830591872156317,False
snp673,0.8865775257289064,False
snp674,0.9999999999230651,False
snp675,0.10258421640029448,False
snp676,0.774194548774966,False
snp677,0.9531772590531665,False
snp678,0.9924490916080113,False
snp679,0.27985573177745315,False
snp680,1.0,False
snp681,0.9999999997366443,False
snp682,0.582153160938246,False
snp683,0.03558082941307784,False
snp684,0.006057921362772699,False
snp685,0.999999996642278,False
snp686,3.593861870150341e-10,True
snp687,1.7205686387460713e-11,True
snp688,0.9999532085156123,False
snp689,0.9999999999979072,False
snp690,0.959347414715342,False
snp691,3.4978904580455836e-07,False
snp692,0.0006953003693273777,False
snp693,6.909969463444086e-08,False
snp694,0.9999509945689157,False
snp695,0.06773351454577081,False
snp696,4.319369031944327e-08,True
snp697,0.0013588148246233814,False
snp698,1.0,False
snp699,1.0,False
snp700,0.9997242711250321,False
snp701,0.9999999994298441,False
snp702,1.2335230896504886e-20,True
snp703,9.456692150765193e-20,True
snp704,0.9993688618894355,False
snp705,0.6850847859670092,False
snp706,0.7001265453912134,False
snp707,0.9999999999920054,False
snp708,1.0,False
snp709,0.8117004444592757,False
snp710,0.38538174816909343,False
snp711,7.647734427110883e-30,True
snp712,0.9996438790126235,False
snp713,4.911833817777128e-06,False
snp714,0.9992474098731269,False
snp715,0.13042193401207197,False
snp716,2.7331031285799334e-08,True
snp717,0.20082395071696665,False
snp718,0.9999999953620564,False
snp719,0.7898482034893797,False
snp720,0.00029015279336345475,False
snp721,0.9202913280574755,False
snp722,0.9999999976351623,False
snp723,0.9999511259551364,False
snp724,0.9996341279582411,False
snp725,1.0,False
snp726,1.0,False
snp727,0.0002230043090486968,False
snp728,0.001090287093453791,False
snp729,0.16316730802077278,False
snp730,0.999954565756321,False
snp731,0.6583280862716563,False
snp732,0.9999999999999934,False
snp733,0.4200291511924908,False
snp734,3.5655686293496076e-06,False
snp735,3.228006078195515e-13,True
snp736,0.9999999999203961,False
snp737,1.1252150254867995e-18,True
snp738,0.9980754423593016,False
snp739,0.8509797795526551,False
snp740,0.9800143933735302,False
snp741,0.9999996128482829,False
snp742,8.242617533865813e-09,True
snp743,0.19947164731800032,False
snp744,0.9999999999999933,False
snp745,0.0013857941981092923,False
snp746,0.9903080125324107,False
snp747,0.874862978736257,False
snp748,0.9999990387371536,False
snp749,0.9915334701468203,False
snp750,0.9999999999999951,False
snp751,0.17051277220774846,False
snp752,0.9999999999999775,False
snp753,6.598929017082147e-18,True
snp754,0.00029081180551738937,False
snp755,0.9999536211872971,False
snp756,0.9999999998197706,False
snp757,1.9501664605536035e-17,True
snp758,0.9906725934928029,False
snp759,0.9999999422181112,False
snp760,0.9999999999877532,False
snp761,1.1837727297754447e-19,True
snp762,0.9999998046981059,False
snp763,1.5793755833605703e-11,True
snp764,0.9995134803892899,False
snp765,0.8381289458554367,False
snp766,0.010508294152742346,False
snp767,0.959347414715342,False
snp768,0.9544095682280098,False
snp769,1.528303226681563e-08,True
snp770,0.9999999999998513,False
snp771,8.919706163827622e-16,True
snp772,0.9999999999978081,False
snp773,0.9999999991338031,False
snp774,0.04140229033946561,False
snp775,1.5793755833605703e-11,True
snp776,5.083589595714729e-10,True
snp777,0.9406880189920552,False
snp778,0.9551021926833819,False
snp779,0.9999999999999933,False
snp780,0.9999999975264872,False
snp781,0.4783523262240882,False
snp782,0.12172678013990373,False
snp783,0.9999982046257483,False
snp784,0.6567267020057788,False
snp785,0.9999985310430014,False
snp786,0.9999996894760012,False
snp787,0.7531154409598999,False
snp788,1.0,False
snp789,0.9995395017414092,False
snp790,0.7803714950879591,False
snp791,0.5265403676300098,False
snp792,0.9583151218259371,False
snp793,0.9999999999957692,False
snp794,0.9999990249788234,False
snp795,0.99999999999172,False
snp796,0.9859843783334893,False
snp797,0.2577543986939962,False
snp798,0.999999071269573,False
snp799,0.9999999994298441,False
snp800,1.0740050508933522e-10,True
snp801,0.6716216789380414,False
snp802,0.9999999996690746,False
snp803,1.2454216204260584e-09,True
snp804,1.0,False
snp805,0.4293051191684047,False
snp806,0.9999999999999977,False
snp807,0.056360303263353825,False
snp808,6.875562596838209e-06,False
snp809,5.4071424128417114e-06,False
snp810,0.004409545926443889,False
snp811,0.5265403676300098,False
snp812,0.999999999522394,False
snp813,3.6715374027961876e-19,True
snp814,0.9999164331842662,False
snp815,2.1264285466131082e-10,True
snp816,1.0,False
snp817,4.5434243681421476e-05,False
snp818,1.5718443693420915e-06,False
snp819,1.6845701871659054e-09,True
snp820,1.764706385086017e-06,False
snp821,1.5474077422225798e-17,True
snp822,0.999999691455379,False
snp823,0.9999999999999719,False
snp824,4.074415923724599e-15,True
snp825,2.1056303046305648e-16,True
snp826,1.792372897133258e-15,True
snp827,0.9955744513792016,False
snp828,0.7389005155350605,False
snp829,1.0424706308290224e-06,False
snp830,0.9999999999990781,False
snp831,2.7468930788726123e-24,True
snp832,2.1188989461339968e-16,True
snp833,0.000300491981515434,False
snp834,0.3482034885812867,False
snp835,2.3997918642715226e-14,True
snp836,0.00046112864614393935,False
snp837,0.890129605032655,False
snp838,0.9955744513792016,False
snp839,0.9968716623213132,False
snp840,1.754428416437142e-08,True
snp841,0.99999999999172,False
snp842,0.9645568212804676,False
snp843,0.999999999981675,False
snp844,0.9902246050963937,False
snp845,0.00017435187572701027,False
snp846,0.9999926031511297,False
snp847,0.9999982030069257,False
snp848,0.011973592813417509,False
snp849,0.9979252240790851,False
snp850,0.9999794490770831,False
snp851,0.9609214078091973,False
snp852,0.9999999999832255,False
snp853,1.6500089718171995e-06,False
snp854,0.9424475589587524,False
snp855,0.0022329088974335923,False
snp856,0.9999999999914309,False
snp857,0.06958264586506735,False
snp858,0.9999999999999986,False
snp859,0.9999622477692782,False
snp860,0.9999998635760207,False
snp861,1.1594161759205026e-05,False
snp862,0.00020391810306221716,False
snp863,0.9977360188832319,False
snp864,0.17638427974368598,False
snp865,0.05981095942960724,False
snp866,0.5413307027722771,False
snp867,0.9186926825614783,False
snp868,0.9999804823145172,False
snp869,4.9009221490241466e-11,True
snp870,0.9999987638167092,False
snp871,0.16311156468685017,False
snp872,0.9999999999999958,False
snp873,0.00045066119126493405,False
snp874,0.0057425995549147,False
snp875,0.9999998221946235,False
snp876,0.4223264615845769,False
snp877,0.9999999999999919,False
snp878,0.9999994844627732,False
snp879,8.178917286523175e-27,True
snp880,0.7418390583871275,False
snp881,0.08919198066634984,False
snp882,0.9993842625317895,False
snp883,0.9999999465042353,False
snp884,4.546933067985794e-17,True
snp885,0.9999999999999398,False
snp886,0.9941583147193069,False
snp887,0.9410298192440643,False
snp888,0.0021034271864400723,False
snp889,1.9702271551469973e-29,True
snp890,0.9996157427829905,False
snp891,0.0005521179951771152,False
snp892,0.9999999997873548,False
snp893,0.07704638870943648,False
snp894,0.9795532712684344,False
snp895,1.4255513861249119e-08,True
snp896,0.9999999999999957,False
snp897,0.9715376743475005,False
snp898,0.00018481613970516695,False
snp899,0.9999999999720403,False
snp900,7.748133612403528e-13,True
snp901,0.9999999999999946,False
snp902,0.9988885291184064,False
snp903,1.0811696302083386e-15,True
snp904,0.00019114388628798371,False
snp905,0.9999999999999775,False
snp906,0.010226933663193244,False
snp907,0.005234457845112066,False
snp908,0.999999999999998,False
snp909,2.860863836264428e-18,True
snp910,1.610999444404121e-07,False
snp911,0.9999973146829348,False
snp912,1.8069385465827146e-11,True
snp913,0.9999582672677066,False
snp914,1.0,False
snp915,0.9954742768643602,False
snp916,0.9095550207459508,False
snp917,5.992308111147484e-06,False
snp918,0.891764037429597,False
snp919,0.9924490916080113,False
snp920,1.0,False
snp921,0.9977670911025684,False
snp922,0.9942883127496085,False
snp923,0.9999984059876506,False
snp924,0.9999999672557287,False
snp925,8.957847010846382e-09,True
snp926,0.9933513853749752,False
snp927,0.4747287977847662,False
snp928,0.9576553734972331,False
snp929,0.7418390583871275,False
snp930,0.999999999999992,False
snp931,0.3359955313274898,False
snp932,0.999999999093756,False
snp933,0.9999995030946588,False
snp934,8.495639008673441e-25,True
snp935,0.5282768947369353,False
snp936,0.9999998450461103,False
snp937,0.9999990589460092,False
snp938,0.9999999987264646,False
snp939,5.74033131676992e-15,True
snp940,0.9942574004450869,False
snp941,1.4080019663897302e-05,False
snp942,0.00015516380064632156,False
snp943,0.9999591905448519,False
snp944,0.876385070325975,False
snp945,0.013499242770912398,False
snp946,0.9999999999998288,False
snp947,4.977623089446621e-09,True
snp948,1.318911444800478e-09,True
snp949,0.9999999999735819,False
snp950,0.872228909291922,False
snp951,3.068425095512027e-08,True
snp952,0.3552409999594761,False
snp953,0.9999812832178995,False
snp954,0.9999999998899852,False
snp955,0.9999997165735661,False
snp956,0.058357389544856676,False
snp957,3.925634759227473e-09,True
snp958,0.9985921851792773,False
snp959,0.8235039106993546,False
snp960,0.9999999999999936,False
snp961,0.8381289458554367,False
snp962,0.9999997385351473,False
snp963,0.9261699766811053,False
snp964,0.999999999999996,False
snp965,0.9999999999108833,False
snp966,0.9999999999999986,False
snp967,0.9999999999999946,False
snp968,0.9938404026727281,False
snp969,0.9992561521979835,False
snp970,0.97768320245527,False
snp971,0.9999999999999992,False
snp972,1.7415198539220419e-09,True
snp973,0.11356731337014064,False
snp974,0.5217436512889849,False
snp975,1.253083481036257e-16,True
snp976,2.678952104690296e-15,True
snp977,0.7757926629088464,False
snp978,0.999999999999914,False
snp979,0.6218937563894333,False
snp980,0.9956243910677725,False
snp981,0.9268949769613974,False
snp982,0.9998895178437227,False
snp983,0.988141852227138,False
snp984,0.9999999999999952,False
snp985,0.9999999999999971,False
snp986,7.771469194378031e-11,True
snp987,0.9998256481242725,False
snp988,0.9999999999999939,False
snp989,0.9999876850451553,False
snp990,0.9999999494725078,False
snp991,1.0,False
snp992,0.9999997977152137,False
snp993,0.03779579087501918,False
snp994,0.16802003298026255,False
snp995,1.0,False
snp996,0.9914472537068939,False
snp997,1.7205686387460713e-11,True
snp998,1.7344012548811255e-08,True
snp999,0.5216623849957849,False
